ix,iy,xmin,xmax,ymin,ymax,count,x_center,y_center
0,0,-124.8753333,-124.51021107999999,31.0935,31.42848889,0,-124.69277219,31.260994445
1,0,-124.51021107999999,-124.14508886,31.0935,31.42848889,0,-124.32764997,31.260994445
2,0,-124.14508886,-123.77996664,31.0935,31.42848889,0,-123.96252774999999,31.260994445
3,0,-123.77996664,-123.41484442,31.0935,31.42848889,0,-123.59740553,31.260994445
4,0,-123.41484442,-123.04972219999999,31.0935,31.42848889,0,-123.23228330999999,31.260994445
5,0,-123.04972219999999,-122.68459998,31.0935,31.42848889,0,-122.86716109,31.260994445
6,0,-122.68459998,-122.31947776,31.0935,31.42848889,0,-122.50203887,31.260994445
7,0,-122.31947776,-121.95435554,31.0935,31.42848889,0,-122.13691664999999,31.260994445
8,0,-121.95435554,-121.58923331999999,31.0935,31.42848889,0,-121.77179443,31.260994445
9,0,-121.58923331999999,-121.2241111,31.0935,31.42848889,0,-121.40667221,31.260994445
10,0,-121.2241111,-120.85898888,31.0935,31.42848889,0,-121.04154999,31.260994445
11,0,-120.85898888,-120.49386666,31.0935,31.42848889,0,-120.67642777,31.260994445
12,0,-120.49386666,-120.12874443999999,31.0935,31.42848889,0,-120.31130554999999,31.260994445
13,0,-120.12874443999999,-119.76362222,31.0935,31.42848889,0,-119.94618333,31.260994445
14,0,-119.76362222,-119.3985,31.0935,31.42848889,4,-119.58106111000001,31.260994445
15,0,-119.3985,-119.03337778,31.0935,31.42848889,1,-119.21593888999999,31.260994445
16,0,-119.03337778,-118.66825556,31.0935,31.42848889,0,-118.85081667,31.260994445
17,0,-118.66825556,-118.30313334,31.0935,31.42848889,0,-118.48569445000001,31.260994445
18,0,-118.30313334,-117.93801112,31.0935,31.42848889,0,-118.12057223,31.260994445
19,0,-117.93801112,-117.5728889,31.0935,31.42848889,0,-117.75545001,31.260994445
20,0,-117.5728889,-117.20776668,31.0935,31.42848889,0,-117.39032779,31.260994445
21,0,-117.20776668,-116.84264446,31.0935,31.42848889,0,-117.02520557,31.260994445
22,0,-116.84264446,-116.47752224,31.0935,31.42848889,2,-116.66008335000001,31.260994445
23,0,-116.47752224,-116.11240002,31.0935,31.42848889,1,-116.29496112999999,31.260994445
24,0,-116.11240002,-115.7472778,31.0935,31.42848889,20,-115.92983891,31.260994445
25,0,-115.7472778,-115.38215558,31.0935,31.42848889,59,-115.56471669000001,31.260994445
26,0,-115.38215558,-115.01703336,31.0935,31.42848889,2,-115.19959447,31.260994445
27,0,-115.01703336,-114.65191114000001,31.0935,31.42848889,0,-114.83447225,31.260994445
28,0,-114.65191114000001,-114.28678892,31.0935,31.42848889,6,-114.46935003000002,31.260994445
29,0,-114.28678892,-113.9216667,31.0935,31.42848889,2,-114.10422781,31.260994445
0,1,-124.8753333,-124.51021107999999,31.42848889,31.76347778,0,-124.69277219,31.595983335
1,1,-124.51021107999999,-124.14508886,31.42848889,31.76347778,0,-124.32764997,31.595983335
2,1,-124.14508886,-123.77996664,31.42848889,31.76347778,0,-123.96252774999999,31.595983335
3,1,-123.77996664,-123.41484442,31.42848889,31.76347778,0,-123.59740553,31.595983335
4,1,-123.41484442,-123.04972219999999,31.42848889,31.76347778,0,-123.23228330999999,31.595983335
5,1,-123.04972219999999,-122.68459998,31.42848889,31.76347778,0,-122.86716109,31.595983335
6,1,-122.68459998,-122.31947776,31.42848889,31.76347778,0,-122.50203887,31.595983335
7,1,-122.31947776,-121.95435554,31.42848889,31.76347778,0,-122.13691664999999,31.595983335
8,1,-121.95435554,-121.58923331999999,31.42848889,31.76347778,0,-121.77179443,31.595983335
9,1,-121.58923331999999,-121.2241111,31.42848889,31.76347778,0,-121.40667221,31.595983335
10,1,-121.2241111,-120.85898888,31.42848889,31.76347778,0,-121.04154999,31.595983335
11,1,-120.85898888,-120.49386666,31.42848889,31.76347778,0,-120.67642777,31.595983335
12,1,-120.49386666,-120.12874443999999,31.42848889,31.76347778,0,-120.31130554999999,31.595983335
13,1,-120.12874443999999,-119.76362222,31.42848889,31.76347778,0,-119.94618333,31.595983335
14,1,-119.76362222,-119.3985,31.42848889,31.76347778,2,-119.58106111000001,31.595983335
15,1,-119.3985,-119.03337778,31.42848889,31.76347778,0,-119.21593888999999,31.595983335
16,1,-119.03337778,-118.66825556,31.42848889,31.76347778,0,-118.85081667,31.595983335
17,1,-118.66825556,-118.30313334,31.42848889,31.76347778,0,-118.48569445000001,31.595983335
18,1,-118.30313334,-117.93801112,31.42848889,31.76347778,0,-118.12057223,31.595983335
19,1,-117.93801112,-117.5728889,31.42848889,31.76347778,1,-117.75545001,31.595983335
20,1,-117.5728889,-117.20776668,31.42848889,31.76347778,0,-117.39032779,31.595983335
21,1,-117.20776668,-116.84264446,31.42848889,31.76347778,0,-117.02520557,31.595983335
22,1,-116.84264446,-116.47752224,31.42848889,31.76347778,0,-116.66008335000001,31.595983335
23,1,-116.47752224,-116.11240002,31.42848889,31.76347778,2,-116.29496112999999,31.595983335
24,1,-116.11240002,-115.7472778,31.42848889,31.76347778,5,-115.92983891,31.595983335
25,1,-115.7472778,-115.38215558,31.42848889,31.76347778,7,-115.56471669000001,31.595983335
26,1,-115.38215558,-115.01703336,31.42848889,31.76347778,1,-115.19959447,31.595983335
27,1,-115.01703336,-114.65191114000001,31.42848889,31.76347778,3,-114.83447225,31.595983335
28,1,-114.65191114000001,-114.28678892,31.42848889,31.76347778,6,-114.46935003000002,31.595983335
29,1,-114.28678892,-113.9216667,31.42848889,31.76347778,1,-114.10422781,31.595983335
0,2,-124.8753333,-124.51021107999999,31.76347778,32.09846667,0,-124.69277219,31.930972224999998
1,2,-124.51021107999999,-124.14508886,31.76347778,32.09846667,0,-124.32764997,31.930972224999998
2,2,-124.14508886,-123.77996664,31.76347778,32.09846667,1,-123.96252774999999,31.930972224999998
3,2,-123.77996664,-123.41484442,31.76347778,32.09846667,0,-123.59740553,31.930972224999998
4,2,-123.41484442,-123.04972219999999,31.76347778,32.09846667,0,-123.23228330999999,31.930972224999998
5,2,-123.04972219999999,-122.68459998,31.76347778,32.09846667,0,-122.86716109,31.930972224999998
6,2,-122.68459998,-122.31947776,31.76347778,32.09846667,0,-122.50203887,31.930972224999998
7,2,-122.31947776,-121.95435554,31.76347778,32.09846667,0,-122.13691664999999,31.930972224999998
8,2,-121.95435554,-121.58923331999999,31.76347778,32.09846667,0,-121.77179443,31.930972224999998
9,2,-121.58923331999999,-121.2241111,31.76347778,32.09846667,0,-121.40667221,31.930972224999998
10,2,-121.2241111,-120.85898888,31.76347778,32.09846667,0,-121.04154999,31.930972224999998
11,2,-120.85898888,-120.49386666,31.76347778,32.09846667,0,-120.67642777,31.930972224999998
12,2,-120.49386666,-120.12874443999999,31.76347778,32.09846667,0,-120.31130554999999,31.930972224999998
13,2,-120.12874443999999,-119.76362222,31.76347778,32.09846667,0,-119.94618333,31.930972224999998
14,2,-119.76362222,-119.3985,31.76347778,32.09846667,0,-119.58106111000001,31.930972224999998
15,2,-119.3985,-119.03337778,31.76347778,32.09846667,0,-119.21593888999999,31.930972224999998
16,2,-119.03337778,-118.66825556,31.76347778,32.09846667,0,-118.85081667,31.930972224999998
17,2,-118.66825556,-118.30313334,31.76347778,32.09846667,0,-118.48569445000001,31.930972224999998
18,2,-118.30313334,-117.93801112,31.76347778,32.09846667,0,-118.12057223,31.930972224999998
19,2,-117.93801112,-117.5728889,31.76347778,32.09846667,0,-117.75545001,31.930972224999998
20,2,-117.5728889,-117.20776668,31.76347778,32.09846667,4,-117.39032779,31.930972224999998
21,2,-117.20776668,-116.84264446,31.76347778,32.09846667,2,-117.02520557,31.930972224999998
22,2,-116.84264446,-116.47752224,31.76347778,32.09846667,0,-116.66008335000001,31.930972224999998
23,2,-116.47752224,-116.11240002,31.76347778,32.09846667,3,-116.29496112999999,31.930972224999998
24,2,-116.11240002,-115.7472778,31.76347778,32.09846667,5,-115.92983891,31.930972224999998
25,2,-115.7472778,-115.38215558,31.76347778,32.09846667,2,-115.56471669000001,31.930972224999998
26,2,-115.38215558,-115.01703336,31.76347778,32.09846667,65,-115.19959447,31.930972224999998
27,2,-115.01703336,-114.65191114000001,31.76347778,32.09846667,24,-114.83447225,31.930972224999998
28,2,-114.65191114000001,-114.28678892,31.76347778,32.09846667,0,-114.46935003000002,31.930972224999998
29,2,-114.28678892,-113.9216667,31.76347778,32.09846667,0,-114.10422781,31.930972224999998
0,3,-124.8753333,-124.51021107999999,32.09846667,32.43345556,0,-124.69277219,32.265961114999996
1,3,-124.51021107999999,-124.14508886,32.09846667,32.43345556,0,-124.32764997,32.265961114999996
2,3,-124.14508886,-123.77996664,32.09846667,32.43345556,0,-123.96252774999999,32.265961114999996
3,3,-123.77996664,-123.41484442,32.09846667,32.43345556,0,-123.59740553,32.265961114999996
4,3,-123.41484442,-123.04972219999999,32.09846667,32.43345556,0,-123.23228330999999,32.265961114999996
5,3,-123.04972219999999,-122.68459998,32.09846667,32.43345556,0,-122.86716109,32.265961114999996
6,3,-122.68459998,-122.31947776,32.09846667,32.43345556,0,-122.50203887,32.265961114999996
7,3,-122.31947776,-121.95435554,32.09846667,32.43345556,0,-122.13691664999999,32.265961114999996
8,3,-121.95435554,-121.58923331999999,32.09846667,32.43345556,0,-121.77179443,32.265961114999996
9,3,-121.58923331999999,-121.2241111,32.09846667,32.43345556,0,-121.40667221,32.265961114999996
10,3,-121.2241111,-120.85898888,32.09846667,32.43345556,0,-121.04154999,32.265961114999996
11,3,-120.85898888,-120.49386666,32.09846667,32.43345556,0,-120.67642777,32.265961114999996
12,3,-120.49386666,-120.12874443999999,32.09846667,32.43345556,0,-120.31130554999999,32.265961114999996
13,3,-120.12874443999999,-119.76362222,32.09846667,32.43345556,0,-119.94618333,32.265961114999996
14,3,-119.76362222,-119.3985,32.09846667,32.43345556,0,-119.58106111000001,32.265961114999996
15,3,-119.3985,-119.03337778,32.09846667,32.43345556,0,-119.21593888999999,32.265961114999996
16,3,-119.03337778,-118.66825556,32.09846667,32.43345556,0,-118.85081667,32.265961114999996
17,3,-118.66825556,-118.30313334,32.09846667,32.43345556,0,-118.48569445000001,32.265961114999996
18,3,-118.30313334,-117.93801112,32.09846667,32.43345556,0,-118.12057223,32.265961114999996
19,3,-117.93801112,-117.5728889,32.09846667,32.43345556,5,-117.75545001,32.265961114999996
20,3,-117.5728889,-117.20776668,32.09846667,32.43345556,0,-117.39032779,32.265961114999996
21,3,-117.20776668,-116.84264446,32.09846667,32.43345556,0,-117.02520557,32.265961114999996
22,3,-116.84264446,-116.47752224,32.09846667,32.43345556,2,-116.66008335000001,32.265961114999996
23,3,-116.47752224,-116.11240002,32.09846667,32.43345556,1,-116.29496112999999,32.265961114999996
24,3,-116.11240002,-115.7472778,32.09846667,32.43345556,1,-115.92983891,32.265961114999996
25,3,-115.7472778,-115.38215558,32.09846667,32.43345556,33,-115.56471669000001,32.265961114999996
26,3,-115.38215558,-115.01703336,32.09846667,32.43345556,221,-115.19959447,32.265961114999996
27,3,-115.01703336,-114.65191114000001,32.09846667,32.43345556,1,-114.83447225,32.265961114999996
28,3,-114.65191114000001,-114.28678892,32.09846667,32.43345556,0,-114.46935003000002,32.265961114999996
29,3,-114.28678892,-113.9216667,32.09846667,32.43345556,0,-114.10422781,32.265961114999996
0,4,-124.8753333,-124.51021107999999,32.43345556,32.76844445,0,-124.69277219,32.600950005
1,4,-124.51021107999999,-124.14508886,32.43345556,32.76844445,0,-124.32764997,32.600950005
2,4,-124.14508886,-123.77996664,32.43345556,32.76844445,0,-123.96252774999999,32.600950005
3,4,-123.77996664,-123.41484442,32.43345556,32.76844445,0,-123.59740553,32.600950005
4,4,-123.41484442,-123.04972219999999,32.43345556,32.76844445,0,-123.23228330999999,32.600950005
5,4,-123.04972219999999,-122.68459998,32.43345556,32.76844445,0,-122.86716109,32.600950005
6,4,-122.68459998,-122.31947776,32.43345556,32.76844445,0,-122.50203887,32.600950005
7,4,-122.31947776,-121.95435554,32.43345556,32.76844445,0,-122.13691664999999,32.600950005
8,4,-121.95435554,-121.58923331999999,32.43345556,32.76844445,0,-121.77179443,32.600950005
9,4,-121.58923331999999,-121.2241111,32.43345556,32.76844445,0,-121.40667221,32.600950005
10,4,-121.2241111,-120.85898888,32.43345556,32.76844445,0,-121.04154999,32.600950005
11,4,-120.85898888,-120.49386666,32.43345556,32.76844445,0,-120.67642777,32.600950005
12,4,-120.49386666,-120.12874443999999,32.43345556,32.76844445,0,-120.31130554999999,32.600950005
13,4,-120.12874443999999,-119.76362222,32.43345556,32.76844445,0,-119.94618333,32.600950005
14,4,-119.76362222,-119.3985,32.43345556,32.76844445,0,-119.58106111000001,32.600950005
15,4,-119.3985,-119.03337778,32.43345556,32.76844445,0,-119.21593888999999,32.600950005
16,4,-119.03337778,-118.66825556,32.43345556,32.76844445,0,-118.85081667,32.600950005
17,4,-118.66825556,-118.30313334,32.43345556,32.76844445,0,-118.48569445000001,32.600950005
18,4,-118.30313334,-117.93801112,32.43345556,32.76844445,0,-118.12057223,32.600950005
19,4,-117.93801112,-117.5728889,32.43345556,32.76844445,0,-117.75545001,32.600950005
20,4,-117.5728889,-117.20776668,32.43345556,32.76844445,0,-117.39032779,32.600950005
21,4,-117.20776668,-116.84264446,32.43345556,32.76844445,0,-117.02520557,32.600950005
22,4,-116.84264446,-116.47752224,32.43345556,32.76844445,0,-116.66008335000001,32.600950005
23,4,-116.47752224,-116.11240002,32.43345556,32.76844445,0,-116.29496112999999,32.600950005
24,4,-116.11240002,-115.7472778,32.43345556,32.76844445,132,-115.92983891,32.600950005
25,4,-115.7472778,-115.38215558,32.43345556,32.76844445,44,-115.56471669000001,32.600950005
26,4,-115.38215558,-115.01703336,32.43345556,32.76844445,2,-115.19959447,32.600950005
27,4,-115.01703336,-114.65191114000001,32.43345556,32.76844445,0,-114.83447225,32.600950005
28,4,-114.65191114000001,-114.28678892,32.43345556,32.76844445,0,-114.46935003000002,32.600950005
29,4,-114.28678892,-113.9216667,32.43345556,32.76844445,0,-114.10422781,32.600950005
0,5,-124.8753333,-124.51021107999999,32.76844445,33.10343334,0,-124.69277219,32.935938895
1,5,-124.51021107999999,-124.14508886,32.76844445,33.10343334,0,-124.32764997,32.935938895
2,5,-124.14508886,-123.77996664,32.76844445,33.10343334,0,-123.96252774999999,32.935938895
3,5,-123.77996664,-123.41484442,32.76844445,33.10343334,0,-123.59740553,32.935938895
4,5,-123.41484442,-123.04972219999999,32.76844445,33.10343334,0,-123.23228330999999,32.935938895
5,5,-123.04972219999999,-122.68459998,32.76844445,33.10343334,0,-122.86716109,32.935938895
6,5,-122.68459998,-122.31947776,32.76844445,33.10343334,0,-122.50203887,32.935938895
7,5,-122.31947776,-121.95435554,32.76844445,33.10343334,0,-122.13691664999999,32.935938895
8,5,-121.95435554,-121.58923331999999,32.76844445,33.10343334,0,-121.77179443,32.935938895
9,5,-121.58923331999999,-121.2241111,32.76844445,33.10343334,0,-121.40667221,32.935938895
10,5,-121.2241111,-120.85898888,32.76844445,33.10343334,0,-121.04154999,32.935938895
11,5,-120.85898888,-120.49386666,32.76844445,33.10343334,0,-120.67642777,32.935938895
12,5,-120.49386666,-120.12874443999999,32.76844445,33.10343334,0,-120.31130554999999,32.935938895
13,5,-120.12874443999999,-119.76362222,32.76844445,33.10343334,0,-119.94618333,32.935938895
14,5,-119.76362222,-119.3985,32.76844445,33.10343334,0,-119.58106111000001,32.935938895
15,5,-119.3985,-119.03337778,32.76844445,33.10343334,1,-119.21593888999999,32.935938895
16,5,-119.03337778,-118.66825556,32.76844445,33.10343334,1,-118.85081667,32.935938895
17,5,-118.66825556,-118.30313334,32.76844445,33.10343334,4,-118.48569445000001,32.935938895
18,5,-118.30313334,-117.93801112,32.76844445,33.10343334,1,-118.12057223,32.935938895
19,5,-117.93801112,-117.5728889,32.76844445,33.10343334,0,-117.75545001,32.935938895
20,5,-117.5728889,-117.20776668,32.76844445,33.10343334,0,-117.39032779,32.935938895
21,5,-117.20776668,-116.84264446,32.76844445,33.10343334,0,-117.02520557,32.935938895
22,5,-116.84264446,-116.47752224,32.76844445,33.10343334,0,-116.66008335000001,32.935938895
23,5,-116.47752224,-116.11240002,32.76844445,33.10343334,19,-116.29496112999999,32.935938895
24,5,-116.11240002,-115.7472778,32.76844445,33.10343334,8,-115.92983891,32.935938895
25,5,-115.7472778,-115.38215558,32.76844445,33.10343334,35,-115.56471669000001,32.935938895
26,5,-115.38215558,-115.01703336,32.76844445,33.10343334,0,-115.19959447,32.935938895
27,5,-115.01703336,-114.65191114000001,32.76844445,33.10343334,0,-114.83447225,32.935938895
28,5,-114.65191114000001,-114.28678892,32.76844445,33.10343334,0,-114.46935003000002,32.935938895
29,5,-114.28678892,-113.9216667,32.76844445,33.10343334,0,-114.10422781,32.935938895
0,6,-124.8753333,-124.51021107999999,33.10343334,33.43842223,0,-124.69277219,33.270927785
1,6,-124.51021107999999,-124.14508886,33.10343334,33.43842223,0,-124.32764997,33.270927785
2,6,-124.14508886,-123.77996664,33.10343334,33.43842223,0,-123.96252774999999,33.270927785
3,6,-123.77996664,-123.41484442,33.10343334,33.43842223,0,-123.59740553,33.270927785
4,6,-123.41484442,-123.04972219999999,33.10343334,33.43842223,0,-123.23228330999999,33.270927785
5,6,-123.04972219999999,-122.68459998,33.10343334,33.43842223,0,-122.86716109,33.270927785
6,6,-122.68459998,-122.31947776,33.10343334,33.43842223,0,-122.50203887,33.270927785
7,6,-122.31947776,-121.95435554,33.10343334,33.43842223,0,-122.13691664999999,33.270927785
8,6,-121.95435554,-121.58923331999999,33.10343334,33.43842223,0,-121.77179443,33.270927785
9,6,-121.58923331999999,-121.2241111,33.10343334,33.43842223,0,-121.40667221,33.270927785
10,6,-121.2241111,-120.85898888,33.10343334,33.43842223,0,-121.04154999,33.270927785
11,6,-120.85898888,-120.49386666,33.10343334,33.43842223,0,-120.67642777,33.270927785
12,6,-120.49386666,-120.12874443999999,33.10343334,33.43842223,0,-120.31130554999999,33.270927785
13,6,-120.12874443999999,-119.76362222,33.10343334,33.43842223,0,-119.94618333,33.270927785
14,6,-119.76362222,-119.3985,33.10343334,33.43842223,1,-119.58106111000001,33.270927785
15,6,-119.3985,-119.03337778,33.10343334,33.43842223,0,-119.21593888999999,33.270927785
16,6,-119.03337778,-118.66825556,33.10343334,33.43842223,2,-118.85081667,33.270927785
17,6,-118.66825556,-118.30313334,33.10343334,33.43842223,0,-118.48569445000001,33.270927785
18,6,-118.30313334,-117.93801112,33.10343334,33.43842223,0,-118.12057223,33.270927785
19,6,-117.93801112,-117.5728889,33.10343334,33.43842223,0,-117.75545001,33.270927785
20,6,-117.5728889,-117.20776668,33.10343334,33.43842223,0,-117.39032779,33.270927785
21,6,-117.20776668,-116.84264446,33.10343334,33.43842223,1,-117.02520557,33.270927785
22,6,-116.84264446,-116.47752224,33.10343334,33.43842223,9,-116.66008335000001,33.270927785
23,6,-116.47752224,-116.11240002,33.10343334,33.43842223,12,-116.29496112999999,33.270927785
24,6,-116.11240002,-115.7472778,33.10343334,33.43842223,9,-115.92983891,33.270927785
25,6,-115.7472778,-115.38215558,33.10343334,33.43842223,20,-115.56471669000001,33.270927785
26,6,-115.38215558,-115.01703336,33.10343334,33.43842223,0,-115.19959447,33.270927785
27,6,-115.01703336,-114.65191114000001,33.10343334,33.43842223,0,-114.83447225,33.270927785
28,6,-114.65191114000001,-114.28678892,33.10343334,33.43842223,0,-114.46935003000002,33.270927785
29,6,-114.28678892,-113.9216667,33.10343334,33.43842223,0,-114.10422781,33.270927785
0,7,-124.8753333,-124.51021107999999,33.43842223,33.77341112,0,-124.69277219,33.605916675
1,7,-124.51021107999999,-124.14508886,33.43842223,33.77341112,0,-124.32764997,33.605916675
2,7,-124.14508886,-123.77996664,33.43842223,33.77341112,0,-123.96252774999999,33.605916675
3,7,-123.77996664,-123.41484442,33.43842223,33.77341112,0,-123.59740553,33.605916675
4,7,-123.41484442,-123.04972219999999,33.43842223,33.77341112,0,-123.23228330999999,33.605916675
5,7,-123.04972219999999,-122.68459998,33.43842223,33.77341112,0,-122.86716109,33.605916675
6,7,-122.68459998,-122.31947776,33.43842223,33.77341112,0,-122.50203887,33.605916675
7,7,-122.31947776,-121.95435554,33.43842223,33.77341112,0,-122.13691664999999,33.605916675
8,7,-121.95435554,-121.58923331999999,33.43842223,33.77341112,0,-121.77179443,33.605916675
9,7,-121.58923331999999,-121.2241111,33.43842223,33.77341112,0,-121.40667221,33.605916675
10,7,-121.2241111,-120.85898888,33.43842223,33.77341112,0,-121.04154999,33.605916675
11,7,-120.85898888,-120.49386666,33.43842223,33.77341112,0,-120.67642777,33.605916675
12,7,-120.49386666,-120.12874443999999,33.43842223,33.77341112,0,-120.31130554999999,33.605916675
13,7,-120.12874443999999,-119.76362222,33.43842223,33.77341112,0,-119.94618333,33.605916675
14,7,-119.76362222,-119.3985,33.43842223,33.77341112,0,-119.58106111000001,33.605916675
15,7,-119.3985,-119.03337778,33.43842223,33.77341112,3,-119.21593888999999,33.605916675
16,7,-119.03337778,-118.66825556,33.43842223,33.77341112,1,-118.85081667,33.605916675
17,7,-118.66825556,-118.30313334,33.43842223,33.77341112,2,-118.48569445000001,33.605916675
18,7,-118.30313334,-117.93801112,33.43842223,33.77341112,3,-118.12057223,33.605916675
19,7,-117.93801112,-117.5728889,33.43842223,33.77341112,1,-117.75545001,33.605916675
20,7,-117.5728889,-117.20776668,33.43842223,33.77341112,3,-117.39032779,33.605916675
21,7,-117.20776668,-116.84264446,33.43842223,33.77341112,0,-117.02520557,33.605916675
22,7,-116.84264446,-116.47752224,33.43842223,33.77341112,10,-116.66008335000001,33.605916675
23,7,-116.47752224,-116.11240002,33.43842223,33.77341112,5,-116.29496112999999,33.605916675
24,7,-116.11240002,-115.7472778,33.43842223,33.77341112,1,-115.92983891,33.605916675
25,7,-115.7472778,-115.38215558,33.43842223,33.77341112,0,-115.56471669000001,33.605916675
26,7,-115.38215558,-115.01703336,33.43842223,33.77341112,0,-115.19959447,33.605916675
27,7,-115.01703336,-114.65191114000001,33.43842223,33.77341112,0,-114.83447225,33.605916675
28,7,-114.65191114000001,-114.28678892,33.43842223,33.77341112,0,-114.46935003000002,33.605916675
29,7,-114.28678892,-113.9216667,33.43842223,33.77341112,0,-114.10422781,33.605916675
0,8,-124.8753333,-124.51021107999999,33.77341112,34.10840001,0,-124.69277219,33.940905564999994
1,8,-124.51021107999999,-124.14508886,33.77341112,34.10840001,0,-124.32764997,33.940905564999994
2,8,-124.14508886,-123.77996664,33.77341112,34.10840001,0,-123.96252774999999,33.940905564999994
3,8,-123.77996664,-123.41484442,33.77341112,34.10840001,0,-123.59740553,33.940905564999994
4,8,-123.41484442,-123.04972219999999,33.77341112,34.10840001,0,-123.23228330999999,33.940905564999994
5,8,-123.04972219999999,-122.68459998,33.77341112,34.10840001,0,-122.86716109,33.940905564999994
6,8,-122.68459998,-122.31947776,33.77341112,34.10840001,0,-122.50203887,33.940905564999994
7,8,-122.31947776,-121.95435554,33.77341112,34.10840001,0,-122.13691664999999,33.940905564999994
8,8,-121.95435554,-121.58923331999999,33.77341112,34.10840001,0,-121.77179443,33.940905564999994
9,8,-121.58923331999999,-121.2241111,33.77341112,34.10840001,0,-121.40667221,33.940905564999994
10,8,-121.2241111,-120.85898888,33.77341112,34.10840001,0,-121.04154999,33.940905564999994
11,8,-120.85898888,-120.49386666,33.77341112,34.10840001,1,-120.67642777,33.940905564999994
12,8,-120.49386666,-120.12874443999999,33.77341112,34.10840001,0,-120.31130554999999,33.940905564999994
13,8,-120.12874443999999,-119.76362222,33.77341112,34.10840001,0,-119.94618333,33.940905564999994
14,8,-119.76362222,-119.3985,33.77341112,34.10840001,1,-119.58106111000001,33.940905564999994
15,8,-119.3985,-119.03337778,33.77341112,34.10840001,3,-119.21593888999999,33.940905564999994
16,8,-119.03337778,-118.66825556,33.77341112,34.10840001,0,-118.85081667,33.940905564999994
17,8,-118.66825556,-118.30313334,33.77341112,34.10840001,6,-118.48569445000001,33.940905564999994
18,8,-118.30313334,-117.93801112,33.77341112,34.10840001,3,-118.12057223,33.940905564999994
19,8,-117.93801112,-117.5728889,33.77341112,34.10840001,14,-117.75545001,33.940905564999994
20,8,-117.5728889,-117.20776668,33.77341112,34.10840001,4,-117.39032779,33.940905564999994
21,8,-117.20776668,-116.84264446,33.77341112,34.10840001,10,-117.02520557,33.940905564999994
22,8,-116.84264446,-116.47752224,33.77341112,34.10840001,3,-116.66008335000001,33.940905564999994
23,8,-116.47752224,-116.11240002,33.77341112,34.10840001,8,-116.29496112999999,33.940905564999994
24,8,-116.11240002,-115.7472778,33.77341112,34.10840001,3,-115.92983891,33.940905564999994
25,8,-115.7472778,-115.38215558,33.77341112,34.10840001,2,-115.56471669000001,33.940905564999994
26,8,-115.38215558,-115.01703336,33.77341112,34.10840001,0,-115.19959447,33.940905564999994
27,8,-115.01703336,-114.65191114000001,33.77341112,34.10840001,0,-114.83447225,33.940905564999994
28,8,-114.65191114000001,-114.28678892,33.77341112,34.10840001,0,-114.46935003000002,33.940905564999994
29,8,-114.28678892,-113.9216667,33.77341112,34.10840001,0,-114.10422781,33.940905564999994
0,9,-124.8753333,-124.51021107999999,34.10840001,34.4433889,0,-124.69277219,34.275894455
1,9,-124.51021107999999,-124.14508886,34.10840001,34.4433889,0,-124.32764997,34.275894455
2,9,-124.14508886,-123.77996664,34.10840001,34.4433889,0,-123.96252774999999,34.275894455
3,9,-123.77996664,-123.41484442,34.10840001,34.4433889,0,-123.59740553,34.275894455
4,9,-123.41484442,-123.04972219999999,34.10840001,34.4433889,0,-123.23228330999999,34.275894455
5,9,-123.04972219999999,-122.68459998,34.10840001,34.4433889,0,-122.86716109,34.275894455
6,9,-122.68459998,-122.31947776,34.10840001,34.4433889,0,-122.50203887,34.275894455
7,9,-122.31947776,-121.95435554,34.10840001,34.4433889,0,-122.13691664999999,34.275894455
8,9,-121.95435554,-121.58923331999999,34.10840001,34.4433889,0,-121.77179443,34.275894455
9,9,-121.58923331999999,-121.2241111,34.10840001,34.4433889,0,-121.40667221,34.275894455
10,9,-121.2241111,-120.85898888,34.10840001,34.4433889,0,-121.04154999,34.275894455
11,9,-120.85898888,-120.49386666,34.10840001,34.4433889,1,-120.67642777,34.275894455
12,9,-120.49386666,-120.12874443999999,34.10840001,34.4433889,0,-120.31130554999999,34.275894455
13,9,-120.12874443999999,-119.76362222,34.10840001,34.4433889,3,-119.94618333,34.275894455
14,9,-119.76362222,-119.3985,34.10840001,34.4433889,0,-119.58106111000001,34.275894455
15,9,-119.3985,-119.03337778,34.10840001,34.4433889,1,-119.21593888999999,34.275894455
16,9,-119.03337778,-118.66825556,34.10840001,34.4433889,0,-118.85081667,34.275894455
17,9,-118.66825556,-118.30313334,34.10840001,34.4433889,3,-118.48569445000001,34.275894455
18,9,-118.30313334,-117.93801112,34.10840001,34.4433889,0,-118.12057223,34.275894455
19,9,-117.93801112,-117.5728889,34.10840001,34.4433889,1,-117.75545001,34.275894455
20,9,-117.5728889,-117.20776668,34.10840001,34.4433889,4,-117.39032779,34.275894455
21,9,-117.20776668,-116.84264446,34.10840001,34.4433889,5,-117.02520557,34.275894455
22,9,-116.84264446,-116.47752224,34.10840001,34.4433889,5,-116.66008335000001,34.275894455
23,9,-116.47752224,-116.11240002,34.10840001,34.4433889,1,-116.29496112999999,34.275894455
24,9,-116.11240002,-115.7472778,34.10840001,34.4433889,0,-115.92983891,34.275894455
25,9,-115.7472778,-115.38215558,34.10840001,34.4433889,1,-115.56471669000001,34.275894455
26,9,-115.38215558,-115.01703336,34.10840001,34.4433889,0,-115.19959447,34.275894455
27,9,-115.01703336,-114.65191114000001,34.10840001,34.4433889,0,-114.83447225,34.275894455
28,9,-114.65191114000001,-114.28678892,34.10840001,34.4433889,0,-114.46935003000002,34.275894455
29,9,-114.28678892,-113.9216667,34.10840001,34.4433889,0,-114.10422781,34.275894455
0,10,-124.8753333,-124.51021107999999,34.4433889,34.77837779,0,-124.69277219,34.610883345000005
1,10,-124.51021107999999,-124.14508886,34.4433889,34.77837779,0,-124.32764997,34.610883345000005
2,10,-124.14508886,-123.77996664,34.4433889,34.77837779,0,-123.96252774999999,34.610883345000005
3,10,-123.77996664,-123.41484442,34.4433889,34.77837779,0,-123.59740553,34.610883345000005
4,10,-123.41484442,-123.04972219999999,34.4433889,34.77837779,0,-123.23228330999999,34.610883345000005
5,10,-123.04972219999999,-122.68459998,34.4433889,34.77837779,0,-122.86716109,34.610883345000005
6,10,-122.68459998,-122.31947776,34.4433889,34.77837779,0,-122.50203887,34.610883345000005
7,10,-122.31947776,-121.95435554,34.4433889,34.77837779,0,-122.13691664999999,34.610883345000005
8,10,-121.95435554,-121.58923331999999,34.4433889,34.77837779,0,-121.77179443,34.610883345000005
9,10,-121.58923331999999,-121.2241111,34.4433889,34.77837779,0,-121.40667221,34.610883345000005
10,10,-121.2241111,-120.85898888,34.4433889,34.77837779,1,-121.04154999,34.610883345000005
11,10,-120.85898888,-120.49386666,34.4433889,34.77837779,0,-120.67642777,34.610883345000005
12,10,-120.49386666,-120.12874443999999,34.4433889,34.77837779,1,-120.31130554999999,34.610883345000005
13,10,-120.12874443999999,-119.76362222,34.4433889,34.77837779,0,-119.94618333,34.610883345000005
14,10,-119.76362222,-119.3985,34.4433889,34.77837779,0,-119.58106111000001,34.610883345000005
15,10,-119.3985,-119.03337778,34.4433889,34.77837779,2,-119.21593888999999,34.610883345000005
16,10,-119.03337778,-118.66825556,34.4433889,34.77837779,2,-118.85081667,34.610883345000005
17,10,-118.66825556,-118.30313334,34.4433889,34.77837779,2,-118.48569445000001,34.610883345000005
18,10,-118.30313334,-117.93801112,34.4433889,34.77837779,0,-118.12057223,34.610883345000005
19,10,-117.93801112,-117.5728889,34.4433889,34.77837779,0,-117.75545001,34.610883345000005
20,10,-117.5728889,-117.20776668,34.4433889,34.77837779,0,-117.39032779,34.610883345000005
21,10,-117.20776668,-116.84264446,34.4433889,34.77837779,0,-117.02520557,34.610883345000005
22,10,-116.84264446,-116.47752224,34.4433889,34.77837779,1,-116.66008335000001,34.610883345000005
23,10,-116.47752224,-116.11240002,34.4433889,34.77837779,8,-116.29496112999999,34.610883345000005
24,10,-116.11240002,-115.7472778,34.4433889,34.77837779,0,-115.92983891,34.610883345000005
25,10,-115.7472778,-115.38215558,34.4433889,34.77837779,0,-115.56471669000001,34.610883345000005
26,10,-115.38215558,-115.01703336,34.4433889,34.77837779,0,-115.19959447,34.610883345000005
27,10,-115.01703336,-114.65191114000001,34.4433889,34.77837779,0,-114.83447225,34.610883345000005
28,10,-114.65191114000001,-114.28678892,34.4433889,34.77837779,0,-114.46935003000002,34.610883345000005
29,10,-114.28678892,-113.9216667,34.4433889,34.77837779,0,-114.10422781,34.610883345000005
0,11,-124.8753333,-124.51021107999999,34.77837779,35.11336668,0,-124.69277219,34.945872234999996
1,11,-124.51021107999999,-124.14508886,34.77837779,35.11336668,0,-124.32764997,34.945872234999996
2,11,-124.14508886,-123.77996664,34.77837779,35.11336668,0,-123.96252774999999,34.945872234999996
3,11,-123.77996664,-123.41484442,34.77837779,35.11336668,0,-123.59740553,34.945872234999996
4,11,-123.41484442,-123.04972219999999,34.77837779,35.11336668,0,-123.23228330999999,34.945872234999996
5,11,-123.04972219999999,-122.68459998,34.77837779,35.11336668,0,-122.86716109,34.945872234999996
6,11,-122.68459998,-122.31947776,34.77837779,35.11336668,0,-122.50203887,34.945872234999996
7,11,-122.31947776,-121.95435554,34.77837779,35.11336668,0,-122.13691664999999,34.945872234999996
8,11,-121.95435554,-121.58923331999999,34.77837779,35.11336668,0,-121.77179443,34.945872234999996
9,11,-121.58923331999999,-121.2241111,34.77837779,35.11336668,0,-121.40667221,34.945872234999996
10,11,-121.2241111,-120.85898888,34.77837779,35.11336668,0,-121.04154999,34.945872234999996
11,11,-120.85898888,-120.49386666,34.77837779,35.11336668,0,-120.67642777,34.945872234999996
12,11,-120.49386666,-120.12874443999999,34.77837779,35.11336668,0,-120.31130554999999,34.945872234999996
13,11,-120.12874443999999,-119.76362222,34.77837779,35.11336668,0,-119.94618333,34.945872234999996
14,11,-119.76362222,-119.3985,34.77837779,35.11336668,0,-119.58106111000001,34.945872234999996
15,11,-119.3985,-119.03337778,34.77837779,35.11336668,4,-119.21593888999999,34.945872234999996
16,11,-119.03337778,-118.66825556,34.77837779,35.11336668,1,-118.85081667,34.945872234999996
17,11,-118.66825556,-118.30313334,34.77837779,35.11336668,1,-118.48569445000001,34.945872234999996
18,11,-118.30313334,-117.93801112,34.77837779,35.11336668,0,-118.12057223,34.945872234999996
19,11,-117.93801112,-117.5728889,34.77837779,35.11336668,0,-117.75545001,34.945872234999996
20,11,-117.5728889,-117.20776668,34.77837779,35.11336668,1,-117.39032779,34.945872234999996
21,11,-117.20776668,-116.84264446,34.77837779,35.11336668,1,-117.02520557,34.945872234999996
22,11,-116.84264446,-116.47752224,34.77837779,35.11336668,1,-116.66008335000001,34.945872234999996
23,11,-116.47752224,-116.11240002,34.77837779,35.11336668,2,-116.29496112999999,34.945872234999996
24,11,-116.11240002,-115.7472778,34.77837779,35.11336668,1,-115.92983891,34.945872234999996
25,11,-115.7472778,-115.38215558,34.77837779,35.11336668,0,-115.56471669000001,34.945872234999996
26,11,-115.38215558,-115.01703336,34.77837779,35.11336668,0,-115.19959447,34.945872234999996
27,11,-115.01703336,-114.65191114000001,34.77837779,35.11336668,0,-114.83447225,34.945872234999996
28,11,-114.65191114000001,-114.28678892,34.77837779,35.11336668,0,-114.46935003000002,34.945872234999996
29,11,-114.28678892,-113.9216667,34.77837779,35.11336668,0,-114.10422781,34.945872234999996
0,12,-124.8753333,-124.51021107999999,35.11336668,35.448355570000004,0,-124.69277219,35.280861125
1,12,-124.51021107999999,-124.14508886,35.11336668,35.448355570000004,0,-124.32764997,35.280861125
2,12,-124.14508886,-123.77996664,35.11336668,35.448355570000004,0,-123.96252774999999,35.280861125
3,12,-123.77996664,-123.41484442,35.11336668,35.448355570000004,0,-123.59740553,35.280861125
4,12,-123.41484442,-123.04972219999999,35.11336668,35.448355570000004,0,-123.23228330999999,35.280861125
5,12,-123.04972219999999,-122.68459998,35.11336668,35.448355570000004,0,-122.86716109,35.280861125
6,12,-122.68459998,-122.31947776,35.11336668,35.448355570000004,0,-122.50203887,35.280861125
7,12,-122.31947776,-121.95435554,35.11336668,35.448355570000004,0,-122.13691664999999,35.280861125
8,12,-121.95435554,-121.58923331999999,35.11336668,35.448355570000004,0,-121.77179443,35.280861125
9,12,-121.58923331999999,-121.2241111,35.11336668,35.448355570000004,0,-121.40667221,35.280861125
10,12,-121.2241111,-120.85898888,35.11336668,35.448355570000004,0,-121.04154999,35.280861125
11,12,-120.85898888,-120.49386666,35.11336668,35.448355570000004,0,-120.67642777,35.280861125
12,12,-120.49386666,-120.12874443999999,35.11336668,35.448355570000004,0,-120.31130554999999,35.280861125
13,12,-120.12874443999999,-119.76362222,35.11336668,35.448355570000004,0,-119.94618333,35.280861125
14,12,-119.76362222,-119.3985,35.11336668,35.448355570000004,0,-119.58106111000001,35.280861125
15,12,-119.3985,-119.03337778,35.11336668,35.448355570000004,0,-119.21593888999999,35.280861125
16,12,-119.03337778,-118.66825556,35.11336668,35.448355570000004,0,-118.85081667,35.280861125
17,12,-118.66825556,-118.30313334,35.11336668,35.448355570000004,5,-118.48569445000001,35.280861125
18,12,-118.30313334,-117.93801112,35.11336668,35.448355570000004,0,-118.12057223,35.280861125
19,12,-117.93801112,-117.5728889,35.11336668,35.448355570000004,2,-117.75545001,35.280861125
20,12,-117.5728889,-117.20776668,35.11336668,35.448355570000004,4,-117.39032779,35.280861125
21,12,-117.20776668,-116.84264446,35.11336668,35.448355570000004,0,-117.02520557,35.280861125
22,12,-116.84264446,-116.47752224,35.11336668,35.448355570000004,0,-116.66008335000001,35.280861125
23,12,-116.47752224,-116.11240002,35.11336668,35.448355570000004,0,-116.29496112999999,35.280861125
24,12,-116.11240002,-115.7472778,35.11336668,35.448355570000004,0,-115.92983891,35.280861125
25,12,-115.7472778,-115.38215558,35.11336668,35.448355570000004,0,-115.56471669000001,35.280861125
26,12,-115.38215558,-115.01703336,35.11336668,35.448355570000004,0,-115.19959447,35.280861125
27,12,-115.01703336,-114.65191114000001,35.11336668,35.448355570000004,0,-114.83447225,35.280861125
28,12,-114.65191114000001,-114.28678892,35.11336668,35.448355570000004,0,-114.46935003000002,35.280861125
29,12,-114.28678892,-113.9216667,35.11336668,35.448355570000004,0,-114.10422781,35.280861125
0,13,-124.8753333,-124.51021107999999,35.448355570000004,35.78334446,0,-124.69277219,35.61585001500001
1,13,-124.51021107999999,-124.14508886,35.448355570000004,35.78334446,0,-124.32764997,35.61585001500001
2,13,-124.14508886,-123.77996664,35.448355570000004,35.78334446,0,-123.96252774999999,35.61585001500001
3,13,-123.77996664,-123.41484442,35.448355570000004,35.78334446,0,-123.59740553,35.61585001500001
4,13,-123.41484442,-123.04972219999999,35.448355570000004,35.78334446,0,-123.23228330999999,35.61585001500001
5,13,-123.04972219999999,-122.68459998,35.448355570000004,35.78334446,0,-122.86716109,35.61585001500001
6,13,-122.68459998,-122.31947776,35.448355570000004,35.78334446,0,-122.50203887,35.61585001500001
7,13,-122.31947776,-121.95435554,35.448355570000004,35.78334446,0,-122.13691664999999,35.61585001500001
8,13,-121.95435554,-121.58923331999999,35.448355570000004,35.78334446,0,-121.77179443,35.61585001500001
9,13,-121.58923331999999,-121.2241111,35.448355570000004,35.78334446,1,-121.40667221,35.61585001500001
10,13,-121.2241111,-120.85898888,35.448355570000004,35.78334446,5,-121.04154999,35.61585001500001
11,13,-120.85898888,-120.49386666,35.448355570000004,35.78334446,1,-120.67642777,35.61585001500001
12,13,-120.49386666,-120.12874443999999,35.448355570000004,35.78334446,0,-120.31130554999999,35.61585001500001
13,13,-120.12874443999999,-119.76362222,35.448355570000004,35.78334446,3,-119.94618333,35.61585001500001
14,13,-119.76362222,-119.3985,35.448355570000004,35.78334446,0,-119.58106111000001,35.61585001500001
15,13,-119.3985,-119.03337778,35.448355570000004,35.78334446,1,-119.21593888999999,35.61585001500001
16,13,-119.03337778,-118.66825556,35.448355570000004,35.78334446,0,-118.85081667,35.61585001500001
17,13,-118.66825556,-118.30313334,35.448355570000004,35.78334446,5,-118.48569445000001,35.61585001500001
18,13,-118.30313334,-117.93801112,35.448355570000004,35.78334446,4,-118.12057223,35.61585001500001
19,13,-117.93801112,-117.5728889,35.448355570000004,35.78334446,33,-117.75545001,35.61585001500001
20,13,-117.5728889,-117.20776668,35.448355570000004,35.78334446,168,-117.39032779,35.61585001500001
21,13,-117.20776668,-116.84264446,35.448355570000004,35.78334446,2,-117.02520557,35.61585001500001
22,13,-116.84264446,-116.47752224,35.448355570000004,35.78334446,0,-116.66008335000001,35.61585001500001
23,13,-116.47752224,-116.11240002,35.448355570000004,35.78334446,0,-116.29496112999999,35.61585001500001
24,13,-116.11240002,-115.7472778,35.448355570000004,35.78334446,0,-115.92983891,35.61585001500001
25,13,-115.7472778,-115.38215558,35.448355570000004,35.78334446,0,-115.56471669000001,35.61585001500001
26,13,-115.38215558,-115.01703336,35.448355570000004,35.78334446,0,-115.19959447,35.61585001500001
27,13,-115.01703336,-114.65191114000001,35.448355570000004,35.78334446,0,-114.83447225,35.61585001500001
28,13,-114.65191114000001,-114.28678892,35.448355570000004,35.78334446,0,-114.46935003000002,35.61585001500001
29,13,-114.28678892,-113.9216667,35.448355570000004,35.78334446,0,-114.10422781,35.61585001500001
0,14,-124.8753333,-124.51021107999999,35.78334446,36.11833335,0,-124.69277219,35.950838905
1,14,-124.51021107999999,-124.14508886,35.78334446,36.11833335,0,-124.32764997,35.950838905
2,14,-124.14508886,-123.77996664,35.78334446,36.11833335,0,-123.96252774999999,35.950838905
3,14,-123.77996664,-123.41484442,35.78334446,36.11833335,0,-123.59740553,35.950838905
4,14,-123.41484442,-123.04972219999999,35.78334446,36.11833335,0,-123.23228330999999,35.950838905
5,14,-123.04972219999999,-122.68459998,35.78334446,36.11833335,0,-122.86716109,35.950838905
6,14,-122.68459998,-122.31947776,35.78334446,36.11833335,0,-122.50203887,35.950838905
7,14,-122.31947776,-121.95435554,35.78334446,36.11833335,0,-122.13691664999999,35.950838905
8,14,-121.95435554,-121.58923331999999,35.78334446,36.11833335,1,-121.77179443,35.950838905
9,14,-121.58923331999999,-121.2241111,35.78334446,36.11833335,1,-121.40667221,35.950838905
10,14,-121.2241111,-120.85898888,35.78334446,36.11833335,1,-121.04154999,35.950838905
11,14,-120.85898888,-120.49386666,35.78334446,36.11833335,3,-120.67642777,35.950838905
12,14,-120.49386666,-120.12874443999999,35.78334446,36.11833335,3,-120.31130554999999,35.950838905
13,14,-120.12874443999999,-119.76362222,35.78334446,36.11833335,3,-119.94618333,35.950838905
14,14,-119.76362222,-119.3985,35.78334446,36.11833335,0,-119.58106111000001,35.950838905
15,14,-119.3985,-119.03337778,35.78334446,36.11833335,0,-119.21593888999999,35.950838905
16,14,-119.03337778,-118.66825556,35.78334446,36.11833335,0,-118.85081667,35.950838905
17,14,-118.66825556,-118.30313334,35.78334446,36.11833335,0,-118.48569445000001,35.950838905
18,14,-118.30313334,-117.93801112,35.78334446,36.11833335,1,-118.12057223,35.950838905
19,14,-117.93801112,-117.5728889,35.78334446,36.11833335,217,-117.75545001,35.950838905
20,14,-117.5728889,-117.20776668,35.78334446,36.11833335,10,-117.39032779,35.950838905
21,14,-117.20776668,-116.84264446,35.78334446,36.11833335,1,-117.02520557,35.950838905
22,14,-116.84264446,-116.47752224,35.78334446,36.11833335,2,-116.66008335000001,35.950838905
23,14,-116.47752224,-116.11240002,35.78334446,36.11833335,0,-116.29496112999999,35.950838905
24,14,-116.11240002,-115.7472778,35.78334446,36.11833335,1,-115.92983891,35.950838905
25,14,-115.7472778,-115.38215558,35.78334446,36.11833335,0,-115.56471669000001,35.950838905
26,14,-115.38215558,-115.01703336,35.78334446,36.11833335,1,-115.19959447,35.950838905
27,14,-115.01703336,-114.65191114000001,35.78334446,36.11833335,0,-114.83447225,35.950838905
28,14,-114.65191114000001,-114.28678892,35.78334446,36.11833335,0,-114.46935003000002,35.950838905
29,14,-114.28678892,-113.9216667,35.78334446,36.11833335,0,-114.10422781,35.950838905
0,15,-124.8753333,-124.51021107999999,36.11833335,36.45332224,0,-124.69277219,36.285827795
1,15,-124.51021107999999,-124.14508886,36.11833335,36.45332224,0,-124.32764997,36.285827795
2,15,-124.14508886,-123.77996664,36.11833335,36.45332224,0,-123.96252774999999,36.285827795
3,15,-123.77996664,-123.41484442,36.11833335,36.45332224,0,-123.59740553,36.285827795
4,15,-123.41484442,-123.04972219999999,36.11833335,36.45332224,0,-123.23228330999999,36.285827795
5,15,-123.04972219999999,-122.68459998,36.11833335,36.45332224,0,-122.86716109,36.285827795
6,15,-122.68459998,-122.31947776,36.11833335,36.45332224,0,-122.50203887,36.285827795
7,15,-122.31947776,-121.95435554,36.11833335,36.45332224,0,-122.13691664999999,36.285827795
8,15,-121.95435554,-121.58923331999999,36.11833335,36.45332224,0,-121.77179443,36.285827795
9,15,-121.58923331999999,-121.2241111,36.11833335,36.45332224,0,-121.40667221,36.285827795
10,15,-121.2241111,-120.85898888,36.11833335,36.45332224,1,-121.04154999,36.285827795
11,15,-120.85898888,-120.49386666,36.11833335,36.45332224,2,-120.67642777,36.285827795
12,15,-120.49386666,-120.12874443999999,36.11833335,36.45332224,2,-120.31130554999999,36.285827795
13,15,-120.12874443999999,-119.76362222,36.11833335,36.45332224,1,-119.94618333,36.285827795
14,15,-119.76362222,-119.3985,36.11833335,36.45332224,0,-119.58106111000001,36.285827795
15,15,-119.3985,-119.03337778,36.11833335,36.45332224,0,-119.21593888999999,36.285827795
16,15,-119.03337778,-118.66825556,36.11833335,36.45332224,1,-118.85081667,36.285827795
17,15,-118.66825556,-118.30313334,36.11833335,36.45332224,0,-118.48569445000001,36.285827795
18,15,-118.30313334,-117.93801112,36.11833335,36.45332224,3,-118.12057223,36.285827795
19,15,-117.93801112,-117.5728889,36.11833335,36.45332224,20,-117.75545001,36.285827795
20,15,-117.5728889,-117.20776668,36.11833335,36.45332224,0,-117.39032779,36.285827795
21,15,-117.20776668,-116.84264446,36.11833335,36.45332224,1,-117.02520557,36.285827795
22,15,-116.84264446,-116.47752224,36.11833335,36.45332224,0,-116.66008335000001,36.285827795
23,15,-116.47752224,-116.11240002,36.11833335,36.45332224,0,-116.29496112999999,36.285827795
24,15,-116.11240002,-115.7472778,36.11833335,36.45332224,0,-115.92983891,36.285827795
25,15,-115.7472778,-115.38215558,36.11833335,36.45332224,0,-115.56471669000001,36.285827795
26,15,-115.38215558,-115.01703336,36.11833335,36.45332224,0,-115.19959447,36.285827795
27,15,-115.01703336,-114.65191114000001,36.11833335,36.45332224,0,-114.83447225,36.285827795
28,15,-114.65191114000001,-114.28678892,36.11833335,36.45332224,0,-114.46935003000002,36.285827795
29,15,-114.28678892,-113.9216667,36.11833335,36.45332224,0,-114.10422781,36.285827795
0,16,-124.8753333,-124.51021107999999,36.45332224,36.78831113,0,-124.69277219,36.620816684999994
1,16,-124.51021107999999,-124.14508886,36.45332224,36.78831113,0,-124.32764997,36.620816684999994
2,16,-124.14508886,-123.77996664,36.45332224,36.78831113,0,-123.96252774999999,36.620816684999994
3,16,-123.77996664,-123.41484442,36.45332224,36.78831113,0,-123.59740553,36.620816684999994
4,16,-123.41484442,-123.04972219999999,36.45332224,36.78831113,0,-123.23228330999999,36.620816684999994
5,16,-123.04972219999999,-122.68459998,36.45332224,36.78831113,0,-122.86716109,36.620816684999994
6,16,-122.68459998,-122.31947776,36.45332224,36.78831113,0,-122.50203887,36.620816684999994
7,16,-122.31947776,-121.95435554,36.45332224,36.78831113,0,-122.13691664999999,36.620816684999994
8,16,-121.95435554,-121.58923331999999,36.45332224,36.78831113,0,-121.77179443,36.620816684999994
9,16,-121.58923331999999,-121.2241111,36.45332224,36.78831113,22,-121.40667221,36.620816684999994
10,16,-121.2241111,-120.85898888,36.45332224,36.78831113,12,-121.04154999,36.620816684999994
11,16,-120.85898888,-120.49386666,36.45332224,36.78831113,2,-120.67642777,36.620816684999994
12,16,-120.49386666,-120.12874443999999,36.45332224,36.78831113,0,-120.31130554999999,36.620816684999994
13,16,-120.12874443999999,-119.76362222,36.45332224,36.78831113,0,-119.94618333,36.620816684999994
14,16,-119.76362222,-119.3985,36.45332224,36.78831113,0,-119.58106111000001,36.620816684999994
15,16,-119.3985,-119.03337778,36.45332224,36.78831113,0,-119.21593888999999,36.620816684999994
16,16,-119.03337778,-118.66825556,36.45332224,36.78831113,0,-118.85081667,36.620816684999994
17,16,-118.66825556,-118.30313334,36.45332224,36.78831113,0,-118.48569445000001,36.620816684999994
18,16,-118.30313334,-117.93801112,36.45332224,36.78831113,2,-118.12057223,36.620816684999994
19,16,-117.93801112,-117.5728889,36.45332224,36.78831113,0,-117.75545001,36.620816684999994
20,16,-117.5728889,-117.20776668,36.45332224,36.78831113,0,-117.39032779,36.620816684999994
21,16,-117.20776668,-116.84264446,36.45332224,36.78831113,0,-117.02520557,36.620816684999994
22,16,-116.84264446,-116.47752224,36.45332224,36.78831113,0,-116.66008335000001,36.620816684999994
23,16,-116.47752224,-116.11240002,36.45332224,36.78831113,0,-116.29496112999999,36.620816684999994
24,16,-116.11240002,-115.7472778,36.45332224,36.78831113,1,-115.92983891,36.620816684999994
25,16,-115.7472778,-115.38215558,36.45332224,36.78831113,0,-115.56471669000001,36.620816684999994
26,16,-115.38215558,-115.01703336,36.45332224,36.78831113,1,-115.19959447,36.620816684999994
27,16,-115.01703336,-114.65191114000001,36.45332224,36.78831113,1,-114.83447225,36.620816684999994
28,16,-114.65191114000001,-114.28678892,36.45332224,36.78831113,0,-114.46935003000002,36.620816684999994
29,16,-114.28678892,-113.9216667,36.45332224,36.78831113,2,-114.10422781,36.620816684999994
0,17,-124.8753333,-124.51021107999999,36.78831113,37.12330002,0,-124.69277219,36.955805575
1,17,-124.51021107999999,-124.14508886,36.78831113,37.12330002,0,-124.32764997,36.955805575
2,17,-124.14508886,-123.77996664,36.78831113,37.12330002,0,-123.96252774999999,36.955805575
3,17,-123.77996664,-123.41484442,36.78831113,37.12330002,0,-123.59740553,36.955805575
4,17,-123.41484442,-123.04972219999999,36.78831113,37.12330002,0,-123.23228330999999,36.955805575
5,17,-123.04972219999999,-122.68459998,36.78831113,37.12330002,0,-122.86716109,36.955805575
6,17,-122.68459998,-122.31947776,36.78831113,37.12330002,0,-122.50203887,36.955805575
7,17,-122.31947776,-121.95435554,36.78831113,37.12330002,0,-122.13691664999999,36.955805575
8,17,-121.95435554,-121.58923331999999,36.78831113,37.12330002,4,-121.77179443,36.955805575
9,17,-121.58923331999999,-121.2241111,36.78831113,37.12330002,8,-121.40667221,36.955805575
10,17,-121.2241111,-120.85898888,36.78831113,37.12330002,1,-121.04154999,36.955805575
11,17,-120.85898888,-120.49386666,36.78831113,37.12330002,0,-120.67642777,36.955805575
12,17,-120.49386666,-120.12874443999999,36.78831113,37.12330002,0,-120.31130554999999,36.955805575
13,17,-120.12874443999999,-119.76362222,36.78831113,37.12330002,0,-119.94618333,36.955805575
14,17,-119.76362222,-119.3985,36.78831113,37.12330002,0,-119.58106111000001,36.955805575
15,17,-119.3985,-119.03337778,36.78831113,37.12330002,0,-119.21593888999999,36.955805575
16,17,-119.03337778,-118.66825556,36.78831113,37.12330002,0,-118.85081667,36.955805575
17,17,-118.66825556,-118.30313334,36.78831113,37.12330002,0,-118.48569445000001,36.955805575
18,17,-118.30313334,-117.93801112,36.78831113,37.12330002,0,-118.12057223,36.955805575
19,17,-117.93801112,-117.5728889,36.78831113,37.12330002,0,-117.75545001,36.955805575
20,17,-117.5728889,-117.20776668,36.78831113,37.12330002,1,-117.39032779,36.955805575
21,17,-117.20776668,-116.84264446,36.78831113,37.12330002,0,-117.02520557,36.955805575
22,17,-116.84264446,-116.47752224,36.78831113,37.12330002,0,-116.66008335000001,36.955805575
23,17,-116.47752224,-116.11240002,36.78831113,37.12330002,0,-116.29496112999999,36.955805575
24,17,-116.11240002,-115.7472778,36.78831113,37.12330002,1,-115.92983891,36.955805575
25,17,-115.7472778,-115.38215558,36.78831113,37.12330002,0,-115.56471669000001,36.955805575
26,17,-115.38215558,-115.01703336,36.78831113,37.12330002,0,-115.19959447,36.955805575
27,17,-115.01703336,-114.65191114000001,36.78831113,37.12330002,0,-114.83447225,36.955805575
28,17,-114.65191114000001,-114.28678892,36.78831113,37.12330002,0,-114.46935003000002,36.955805575
29,17,-114.28678892,-113.9216667,36.78831113,37.12330002,0,-114.10422781,36.955805575
0,18,-124.8753333,-124.51021107999999,37.12330002,37.45828891,0,-124.69277219,37.290794465000005
1,18,-124.51021107999999,-124.14508886,37.12330002,37.45828891,0,-124.32764997,37.290794465000005
2,18,-124.14508886,-123.77996664,37.12330002,37.45828891,0,-123.96252774999999,37.290794465000005
3,18,-123.77996664,-123.41484442,37.12330002,37.45828891,0,-123.59740553,37.290794465000005
4,18,-123.41484442,-123.04972219999999,37.12330002,37.45828891,0,-123.23228330999999,37.290794465000005
5,18,-123.04972219999999,-122.68459998,37.12330002,37.45828891,0,-122.86716109,37.290794465000005
6,18,-122.68459998,-122.31947776,37.12330002,37.45828891,0,-122.50203887,37.290794465000005
7,18,-122.31947776,-121.95435554,37.12330002,37.45828891,0,-122.13691664999999,37.290794465000005
8,18,-121.95435554,-121.58923331999999,37.12330002,37.45828891,6,-121.77179443,37.290794465000005
9,18,-121.58923331999999,-121.2241111,37.12330002,37.45828891,0,-121.40667221,37.290794465000005
10,18,-121.2241111,-120.85898888,37.12330002,37.45828891,0,-121.04154999,37.290794465000005
11,18,-120.85898888,-120.49386666,37.12330002,37.45828891,0,-120.67642777,37.290794465000005
12,18,-120.49386666,-120.12874443999999,37.12330002,37.45828891,0,-120.31130554999999,37.290794465000005
13,18,-120.12874443999999,-119.76362222,37.12330002,37.45828891,0,-119.94618333,37.290794465000005
14,18,-119.76362222,-119.3985,37.12330002,37.45828891,0,-119.58106111000001,37.290794465000005
15,18,-119.3985,-119.03337778,37.12330002,37.45828891,0,-119.21593888999999,37.290794465000005
16,18,-119.03337778,-118.66825556,37.12330002,37.45828891,0,-118.85081667,37.290794465000005
17,18,-118.66825556,-118.30313334,37.12330002,37.45828891,5,-118.48569445000001,37.290794465000005
18,18,-118.30313334,-117.93801112,37.12330002,37.45828891,0,-118.12057223,37.290794465000005
19,18,-117.93801112,-117.5728889,37.12330002,37.45828891,1,-117.75545001,37.290794465000005
20,18,-117.5728889,-117.20776668,37.12330002,37.45828891,13,-117.39032779,37.290794465000005
21,18,-117.20776668,-116.84264446,37.12330002,37.45828891,0,-117.02520557,37.290794465000005
22,18,-116.84264446,-116.47752224,37.12330002,37.45828891,0,-116.66008335000001,37.290794465000005
23,18,-116.47752224,-116.11240002,37.12330002,37.45828891,0,-116.29496112999999,37.290794465000005
24,18,-116.11240002,-115.7472778,37.12330002,37.45828891,0,-115.92983891,37.290794465000005
25,18,-115.7472778,-115.38215558,37.12330002,37.45828891,0,-115.56471669000001,37.290794465000005
26,18,-115.38215558,-115.01703336,37.12330002,37.45828891,1,-115.19959447,37.290794465000005
27,18,-115.01703336,-114.65191114000001,37.12330002,37.45828891,2,-114.83447225,37.290794465000005
28,18,-114.65191114000001,-114.28678892,37.12330002,37.45828891,3,-114.46935003000002,37.290794465000005
29,18,-114.28678892,-113.9216667,37.12330002,37.45828891,2,-114.10422781,37.290794465000005
0,19,-124.8753333,-124.51021107999999,37.45828891,37.7932778,0,-124.69277219,37.625783354999996
1,19,-124.51021107999999,-124.14508886,37.45828891,37.7932778,0,-124.32764997,37.625783354999996
2,19,-124.14508886,-123.77996664,37.45828891,37.7932778,0,-123.96252774999999,37.625783354999996
3,19,-123.77996664,-123.41484442,37.45828891,37.7932778,0,-123.59740553,37.625783354999996
4,19,-123.41484442,-123.04972219999999,37.45828891,37.7932778,0,-123.23228330999999,37.625783354999996
5,19,-123.04972219999999,-122.68459998,37.45828891,37.7932778,0,-122.86716109,37.625783354999996
6,19,-122.68459998,-122.31947776,37.45828891,37.7932778,1,-122.50203887,37.625783354999996
7,19,-122.31947776,-121.95435554,37.45828891,37.7932778,4,-122.13691664999999,37.625783354999996
8,19,-121.95435554,-121.58923331999999,37.45828891,37.7932778,2,-121.77179443,37.625783354999996
9,19,-121.58923331999999,-121.2241111,37.45828891,37.7932778,0,-121.40667221,37.625783354999996
10,19,-121.2241111,-120.85898888,37.45828891,37.7932778,0,-121.04154999,37.625783354999996
11,19,-120.85898888,-120.49386666,37.45828891,37.7932778,0,-120.67642777,37.625783354999996
12,19,-120.49386666,-120.12874443999999,37.45828891,37.7932778,0,-120.31130554999999,37.625783354999996
13,19,-120.12874443999999,-119.76362222,37.45828891,37.7932778,0,-119.94618333,37.625783354999996
14,19,-119.76362222,-119.3985,37.45828891,37.7932778,0,-119.58106111000001,37.625783354999996
15,19,-119.3985,-119.03337778,37.45828891,37.7932778,0,-119.21593888999999,37.625783354999996
16,19,-119.03337778,-118.66825556,37.45828891,37.7932778,19,-118.85081667,37.625783354999996
17,19,-118.66825556,-118.30313334,37.45828891,37.7932778,1,-118.48569445000001,37.625783354999996
18,19,-118.30313334,-117.93801112,37.45828891,37.7932778,0,-118.12057223,37.625783354999996
19,19,-117.93801112,-117.5728889,37.45828891,37.7932778,0,-117.75545001,37.625783354999996
20,19,-117.5728889,-117.20776668,37.45828891,37.7932778,0,-117.39032779,37.625783354999996
21,19,-117.20776668,-116.84264446,37.45828891,37.7932778,0,-117.02520557,37.625783354999996
22,19,-116.84264446,-116.47752224,37.45828891,37.7932778,2,-116.66008335000001,37.625783354999996
23,19,-116.47752224,-116.11240002,37.45828891,37.7932778,0,-116.29496112999999,37.625783354999996
24,19,-116.11240002,-115.7472778,37.45828891,37.7932778,0,-115.92983891,37.625783354999996
25,19,-115.7472778,-115.38215558,37.45828891,37.7932778,1,-115.56471669000001,37.625783354999996
26,19,-115.38215558,-115.01703336,37.45828891,37.7932778,2,-115.19959447,37.625783354999996
27,19,-115.01703336,-114.65191114000001,37.45828891,37.7932778,0,-114.83447225,37.625783354999996
28,19,-114.65191114000001,-114.28678892,37.45828891,37.7932778,1,-114.46935003000002,37.625783354999996
29,19,-114.28678892,-113.9216667,37.45828891,37.7932778,1,-114.10422781,37.625783354999996
0,20,-124.8753333,-124.51021107999999,37.7932778,38.128266690000004,0,-124.69277219,37.960772245
1,20,-124.51021107999999,-124.14508886,37.7932778,38.128266690000004,0,-124.32764997,37.960772245
2,20,-124.14508886,-123.77996664,37.7932778,38.128266690000004,0,-123.96252774999999,37.960772245
3,20,-123.77996664,-123.41484442,37.7932778,38.128266690000004,0,-123.59740553,37.960772245
4,20,-123.41484442,-123.04972219999999,37.7932778,38.128266690000004,0,-123.23228330999999,37.960772245
5,20,-123.04972219999999,-122.68459998,37.7932778,38.128266690000004,0,-122.86716109,37.960772245
6,20,-122.68459998,-122.31947776,37.7932778,38.128266690000004,1,-122.50203887,37.960772245
7,20,-122.31947776,-121.95435554,37.7932778,38.128266690000004,14,-122.13691664999999,37.960772245
8,20,-121.95435554,-121.58923331999999,37.7932778,38.128266690000004,2,-121.77179443,37.960772245
9,20,-121.58923331999999,-121.2241111,37.7932778,38.128266690000004,0,-121.40667221,37.960772245
10,20,-121.2241111,-120.85898888,37.7932778,38.128266690000004,0,-121.04154999,37.960772245
11,20,-120.85898888,-120.49386666,37.7932778,38.128266690000004,0,-120.67642777,37.960772245
12,20,-120.49386666,-120.12874443999999,37.7932778,38.128266690000004,0,-120.31130554999999,37.960772245
13,20,-120.12874443999999,-119.76362222,37.7932778,38.128266690000004,0,-119.94618333,37.960772245
14,20,-119.76362222,-119.3985,37.7932778,38.128266690000004,0,-119.58106111000001,37.960772245
15,20,-119.3985,-119.03337778,37.7932778,38.128266690000004,0,-119.21593888999999,37.960772245
16,20,-119.03337778,-118.66825556,37.7932778,38.128266690000004,1,-118.85081667,37.960772245
17,20,-118.66825556,-118.30313334,37.7932778,38.128266690000004,2,-118.48569445000001,37.960772245
18,20,-118.30313334,-117.93801112,37.7932778,38.128266690000004,10,-118.12057223,37.960772245
19,20,-117.93801112,-117.5728889,37.7932778,38.128266690000004,0,-117.75545001,37.960772245
20,20,-117.5728889,-117.20776668,37.7932778,38.128266690000004,0,-117.39032779,37.960772245
21,20,-117.20776668,-116.84264446,37.7932778,38.128266690000004,1,-117.02520557,37.960772245
22,20,-116.84264446,-116.47752224,37.7932778,38.128266690000004,0,-116.66008335000001,37.960772245
23,20,-116.47752224,-116.11240002,37.7932778,38.128266690000004,0,-116.29496112999999,37.960772245
24,20,-116.11240002,-115.7472778,37.7932778,38.128266690000004,0,-115.92983891,37.960772245
25,20,-115.7472778,-115.38215558,37.7932778,38.128266690000004,0,-115.56471669000001,37.960772245
26,20,-115.38215558,-115.01703336,37.7932778,38.128266690000004,1,-115.19959447,37.960772245
27,20,-115.01703336,-114.65191114000001,37.7932778,38.128266690000004,0,-114.83447225,37.960772245
28,20,-114.65191114000001,-114.28678892,37.7932778,38.128266690000004,0,-114.46935003000002,37.960772245
29,20,-114.28678892,-113.9216667,37.7932778,38.128266690000004,0,-114.10422781,37.960772245
0,21,-124.8753333,-124.51021107999999,38.128266690000004,38.46325558,0,-124.69277219,38.29576113500001
1,21,-124.51021107999999,-124.14508886,38.128266690000004,38.46325558,0,-124.32764997,38.29576113500001
2,21,-124.14508886,-123.77996664,38.128266690000004,38.46325558,0,-123.96252774999999,38.29576113500001
3,21,-123.77996664,-123.41484442,38.128266690000004,38.46325558,0,-123.59740553,38.29576113500001
4,21,-123.41484442,-123.04972219999999,38.128266690000004,38.46325558,0,-123.23228330999999,38.29576113500001
5,21,-123.04972219999999,-122.68459998,38.128266690000004,38.46325558,0,-122.86716109,38.29576113500001
6,21,-122.68459998,-122.31947776,38.128266690000004,38.46325558,4,-122.50203887,38.29576113500001
7,21,-122.31947776,-121.95435554,38.128266690000004,38.46325558,5,-122.13691664999999,38.29576113500001
8,21,-121.95435554,-121.58923331999999,38.128266690000004,38.46325558,0,-121.77179443,38.29576113500001
9,21,-121.58923331999999,-121.2241111,38.128266690000004,38.46325558,0,-121.40667221,38.29576113500001
10,21,-121.2241111,-120.85898888,38.128266690000004,38.46325558,0,-121.04154999,38.29576113500001
11,21,-120.85898888,-120.49386666,38.128266690000004,38.46325558,0,-120.67642777,38.29576113500001
12,21,-120.49386666,-120.12874443999999,38.128266690000004,38.46325558,0,-120.31130554999999,38.29576113500001
13,21,-120.12874443999999,-119.76362222,38.128266690000004,38.46325558,0,-119.94618333,38.29576113500001
14,21,-119.76362222,-119.3985,38.128266690000004,38.46325558,0,-119.58106111000001,38.29576113500001
15,21,-119.3985,-119.03337778,38.128266690000004,38.46325558,2,-119.21593888999999,38.29576113500001
16,21,-119.03337778,-118.66825556,38.128266690000004,38.46325558,43,-118.85081667,38.29576113500001
17,21,-118.66825556,-118.30313334,38.128266690000004,38.46325558,0,-118.48569445000001,38.29576113500001
18,21,-118.30313334,-117.93801112,38.128266690000004,38.46325558,4,-118.12057223,38.29576113500001
19,21,-117.93801112,-117.5728889,38.128266690000004,38.46325558,0,-117.75545001,38.29576113500001
20,21,-117.5728889,-117.20776668,38.128266690000004,38.46325558,0,-117.39032779,38.29576113500001
21,21,-117.20776668,-116.84264446,38.128266690000004,38.46325558,0,-117.02520557,38.29576113500001
22,21,-116.84264446,-116.47752224,38.128266690000004,38.46325558,1,-116.66008335000001,38.29576113500001
23,21,-116.47752224,-116.11240002,38.128266690000004,38.46325558,1,-116.29496112999999,38.29576113500001
24,21,-116.11240002,-115.7472778,38.128266690000004,38.46325558,1,-115.92983891,38.29576113500001
25,21,-115.7472778,-115.38215558,38.128266690000004,38.46325558,0,-115.56471669000001,38.29576113500001
26,21,-115.38215558,-115.01703336,38.128266690000004,38.46325558,0,-115.19959447,38.29576113500001
27,21,-115.01703336,-114.65191114000001,38.128266690000004,38.46325558,0,-114.83447225,38.29576113500001
28,21,-114.65191114000001,-114.28678892,38.128266690000004,38.46325558,0,-114.46935003000002,38.29576113500001
29,21,-114.28678892,-113.9216667,38.128266690000004,38.46325558,0,-114.10422781,38.29576113500001
0,22,-124.8753333,-124.51021107999999,38.46325558,38.79824447,0,-124.69277219,38.630750025
1,22,-124.51021107999999,-124.14508886,38.46325558,38.79824447,0,-124.32764997,38.630750025
2,22,-124.14508886,-123.77996664,38.46325558,38.79824447,0,-123.96252774999999,38.630750025
3,22,-123.77996664,-123.41484442,38.46325558,38.79824447,0,-123.59740553,38.630750025
4,22,-123.41484442,-123.04972219999999,38.46325558,38.79824447,0,-123.23228330999999,38.630750025
5,22,-123.04972219999999,-122.68459998,38.46325558,38.79824447,18,-122.86716109,38.630750025
6,22,-122.68459998,-122.31947776,38.46325558,38.79824447,2,-122.50203887,38.630750025
7,22,-122.31947776,-121.95435554,38.46325558,38.79824447,0,-122.13691664999999,38.630750025
8,22,-121.95435554,-121.58923331999999,38.46325558,38.79824447,0,-121.77179443,38.630750025
9,22,-121.58923331999999,-121.2241111,38.46325558,38.79824447,0,-121.40667221,38.630750025
10,22,-121.2241111,-120.85898888,38.46325558,38.79824447,0,-121.04154999,38.630750025
11,22,-120.85898888,-120.49386666,38.46325558,38.79824447,0,-120.67642777,38.630750025
12,22,-120.49386666,-120.12874443999999,38.46325558,38.79824447,0,-120.31130554999999,38.630750025
13,22,-120.12874443999999,-119.76362222,38.46325558,38.79824447,0,-119.94618333,38.630750025
14,22,-119.76362222,-119.3985,38.46325558,38.79824447,7,-119.58106111000001,38.630750025
15,22,-119.3985,-119.03337778,38.46325558,38.79824447,0,-119.21593888999999,38.630750025
16,22,-119.03337778,-118.66825556,38.46325558,38.79824447,5,-118.85081667,38.630750025
17,22,-118.66825556,-118.30313334,38.46325558,38.79824447,9,-118.48569445000001,38.630750025
18,22,-118.30313334,-117.93801112,38.46325558,38.79824447,1,-118.12057223,38.630750025
19,22,-117.93801112,-117.5728889,38.46325558,38.79824447,1,-117.75545001,38.630750025
20,22,-117.5728889,-117.20776668,38.46325558,38.79824447,0,-117.39032779,38.630750025
21,22,-117.20776668,-116.84264446,38.46325558,38.79824447,0,-117.02520557,38.630750025
22,22,-116.84264446,-116.47752224,38.46325558,38.79824447,0,-116.66008335000001,38.630750025
23,22,-116.47752224,-116.11240002,38.46325558,38.79824447,0,-116.29496112999999,38.630750025
24,22,-116.11240002,-115.7472778,38.46325558,38.79824447,0,-115.92983891,38.630750025
25,22,-115.7472778,-115.38215558,38.46325558,38.79824447,0,-115.56471669000001,38.630750025
26,22,-115.38215558,-115.01703336,38.46325558,38.79824447,0,-115.19959447,38.630750025
27,22,-115.01703336,-114.65191114000001,38.46325558,38.79824447,0,-114.83447225,38.630750025
28,22,-114.65191114000001,-114.28678892,38.46325558,38.79824447,0,-114.46935003000002,38.630750025
29,22,-114.28678892,-113.9216667,38.46325558,38.79824447,0,-114.10422781,38.630750025
0,23,-124.8753333,-124.51021107999999,38.79824447,39.133233360000006,0,-124.69277219,38.965738915
1,23,-124.51021107999999,-124.14508886,38.79824447,39.133233360000006,0,-124.32764997,38.965738915
2,23,-124.14508886,-123.77996664,38.79824447,39.133233360000006,0,-123.96252774999999,38.965738915
3,23,-123.77996664,-123.41484442,38.79824447,39.133233360000006,0,-123.59740553,38.965738915
4,23,-123.41484442,-123.04972219999999,38.79824447,39.133233360000006,0,-123.23228330999999,38.965738915
5,23,-123.04972219999999,-122.68459998,38.79824447,39.133233360000006,29,-122.86716109,38.965738915
6,23,-122.68459998,-122.31947776,38.79824447,39.133233360000006,0,-122.50203887,38.965738915
7,23,-122.31947776,-121.95435554,38.79824447,39.133233360000006,0,-122.13691664999999,38.965738915
8,23,-121.95435554,-121.58923331999999,38.79824447,39.133233360000006,0,-121.77179443,38.965738915
9,23,-121.58923331999999,-121.2241111,38.79824447,39.133233360000006,0,-121.40667221,38.965738915
10,23,-121.2241111,-120.85898888,38.79824447,39.133233360000006,0,-121.04154999,38.965738915
11,23,-120.85898888,-120.49386666,38.79824447,39.133233360000006,0,-120.67642777,38.965738915
12,23,-120.49386666,-120.12874443999999,38.79824447,39.133233360000006,0,-120.31130554999999,38.965738915
13,23,-120.12874443999999,-119.76362222,38.79824447,39.133233360000006,1,-119.94618333,38.965738915
14,23,-119.76362222,-119.3985,38.79824447,39.133233360000006,1,-119.58106111000001,38.965738915
15,23,-119.3985,-119.03337778,38.79824447,39.133233360000006,1,-119.21593888999999,38.965738915
16,23,-119.03337778,-118.66825556,38.79824447,39.133233360000006,3,-118.85081667,38.965738915
17,23,-118.66825556,-118.30313334,38.79824447,39.133233360000006,0,-118.48569445000001,38.965738915
18,23,-118.30313334,-117.93801112,38.79824447,39.133233360000006,1,-118.12057223,38.965738915
19,23,-117.93801112,-117.5728889,38.79824447,39.133233360000006,0,-117.75545001,38.965738915
20,23,-117.5728889,-117.20776668,38.79824447,39.133233360000006,0,-117.39032779,38.965738915
21,23,-117.20776668,-116.84264446,38.79824447,39.133233360000006,0,-117.02520557,38.965738915
22,23,-116.84264446,-116.47752224,38.79824447,39.133233360000006,0,-116.66008335000001,38.965738915
23,23,-116.47752224,-116.11240002,38.79824447,39.133233360000006,1,-116.29496112999999,38.965738915
24,23,-116.11240002,-115.7472778,38.79824447,39.133233360000006,1,-115.92983891,38.965738915
25,23,-115.7472778,-115.38215558,38.79824447,39.133233360000006,3,-115.56471669000001,38.965738915
26,23,-115.38215558,-115.01703336,38.79824447,39.133233360000006,2,-115.19959447,38.965738915
27,23,-115.01703336,-114.65191114000001,38.79824447,39.133233360000006,0,-114.83447225,38.965738915
28,23,-114.65191114000001,-114.28678892,38.79824447,39.133233360000006,0,-114.46935003000002,38.965738915
29,23,-114.28678892,-113.9216667,38.79824447,39.133233360000006,0,-114.10422781,38.965738915
0,24,-124.8753333,-124.51021107999999,39.133233360000006,39.468222250000004,0,-124.69277219,39.30072780500001
1,24,-124.51021107999999,-124.14508886,39.133233360000006,39.468222250000004,0,-124.32764997,39.30072780500001
2,24,-124.14508886,-123.77996664,39.133233360000006,39.468222250000004,0,-123.96252774999999,39.30072780500001
3,24,-123.77996664,-123.41484442,39.133233360000006,39.468222250000004,1,-123.59740553,39.30072780500001
4,24,-123.41484442,-123.04972219999999,39.133233360000006,39.468222250000004,6,-123.23228330999999,39.30072780500001
5,24,-123.04972219999999,-122.68459998,39.133233360000006,39.468222250000004,3,-122.86716109,39.30072780500001
6,24,-122.68459998,-122.31947776,39.133233360000006,39.468222250000004,0,-122.50203887,39.30072780500001
7,24,-122.31947776,-121.95435554,39.133233360000006,39.468222250000004,0,-122.13691664999999,39.30072780500001
8,24,-121.95435554,-121.58923331999999,39.133233360000006,39.468222250000004,0,-121.77179443,39.30072780500001
9,24,-121.58923331999999,-121.2241111,39.133233360000006,39.468222250000004,0,-121.40667221,39.30072780500001
10,24,-121.2241111,-120.85898888,39.133233360000006,39.468222250000004,0,-121.04154999,39.30072780500001
11,24,-120.85898888,-120.49386666,39.133233360000006,39.468222250000004,0,-120.67642777,39.30072780500001
12,24,-120.49386666,-120.12874443999999,39.133233360000006,39.468222250000004,1,-120.31130554999999,39.30072780500001
13,24,-120.12874443999999,-119.76362222,39.133233360000006,39.468222250000004,3,-119.94618333,39.30072780500001
14,24,-119.76362222,-119.3985,39.133233360000006,39.468222250000004,1,-119.58106111000001,39.30072780500001
15,24,-119.3985,-119.03337778,39.133233360000006,39.468222250000004,0,-119.21593888999999,39.30072780500001
16,24,-119.03337778,-118.66825556,39.133233360000006,39.468222250000004,0,-118.85081667,39.30072780500001
17,24,-118.66825556,-118.30313334,39.133233360000006,39.468222250000004,0,-118.48569445000001,39.30072780500001
18,24,-118.30313334,-117.93801112,39.133233360000006,39.468222250000004,0,-118.12057223,39.30072780500001
19,24,-117.93801112,-117.5728889,39.133233360000006,39.468222250000004,0,-117.75545001,39.30072780500001
20,24,-117.5728889,-117.20776668,39.133233360000006,39.468222250000004,0,-117.39032779,39.30072780500001
21,24,-117.20776668,-116.84264446,39.133233360000006,39.468222250000004,0,-117.02520557,39.30072780500001
22,24,-116.84264446,-116.47752224,39.133233360000006,39.468222250000004,0,-116.66008335000001,39.30072780500001
23,24,-116.47752224,-116.11240002,39.133233360000006,39.468222250000004,0,-116.29496112999999,39.30072780500001
24,24,-116.11240002,-115.7472778,39.133233360000006,39.468222250000004,0,-115.92983891,39.30072780500001
25,24,-115.7472778,-115.38215558,39.133233360000006,39.468222250000004,2,-115.56471669000001,39.30072780500001
26,24,-115.38215558,-115.01703336,39.133233360000006,39.468222250000004,1,-115.19959447,39.30072780500001
27,24,-115.01703336,-114.65191114000001,39.133233360000006,39.468222250000004,0,-114.83447225,39.30072780500001
28,24,-114.65191114000001,-114.28678892,39.133233360000006,39.468222250000004,0,-114.46935003000002,39.30072780500001
29,24,-114.28678892,-113.9216667,39.133233360000006,39.468222250000004,0,-114.10422781,39.30072780500001
0,25,-124.8753333,-124.51021107999999,39.468222250000004,39.80321114,0,-124.69277219,39.635716695
1,25,-124.51021107999999,-124.14508886,39.468222250000004,39.80321114,0,-124.32764997,39.635716695
2,25,-124.14508886,-123.77996664,39.468222250000004,39.80321114,1,-123.96252774999999,39.635716695
3,25,-123.77996664,-123.41484442,39.468222250000004,39.80321114,4,-123.59740553,39.635716695
4,25,-123.41484442,-123.04972219999999,39.468222250000004,39.80321114,2,-123.23228330999999,39.635716695
5,25,-123.04972219999999,-122.68459998,39.468222250000004,39.80321114,2,-122.86716109,39.635716695
6,25,-122.68459998,-122.31947776,39.468222250000004,39.80321114,0,-122.50203887,39.635716695
7,25,-122.31947776,-121.95435554,39.468222250000004,39.80321114,0,-122.13691664999999,39.635716695
8,25,-121.95435554,-121.58923331999999,39.468222250000004,39.80321114,1,-121.77179443,39.635716695
9,25,-121.58923331999999,-121.2241111,39.468222250000004,39.80321114,0,-121.40667221,39.635716695
10,25,-121.2241111,-120.85898888,39.468222250000004,39.80321114,0,-121.04154999,39.635716695
11,25,-120.85898888,-120.49386666,39.468222250000004,39.80321114,0,-120.67642777,39.635716695
12,25,-120.49386666,-120.12874443999999,39.468222250000004,39.80321114,3,-120.31130554999999,39.635716695
13,25,-120.12874443999999,-119.76362222,39.468222250000004,39.80321114,0,-119.94618333,39.635716695
14,25,-119.76362222,-119.3985,39.468222250000004,39.80321114,2,-119.58106111000001,39.635716695
15,25,-119.3985,-119.03337778,39.468222250000004,39.80321114,0,-119.21593888999999,39.635716695
16,25,-119.03337778,-118.66825556,39.468222250000004,39.80321114,0,-118.85081667,39.635716695
17,25,-118.66825556,-118.30313334,39.468222250000004,39.80321114,0,-118.48569445000001,39.635716695
18,25,-118.30313334,-117.93801112,39.468222250000004,39.80321114,0,-118.12057223,39.635716695
19,25,-117.93801112,-117.5728889,39.468222250000004,39.80321114,0,-117.75545001,39.635716695
20,25,-117.5728889,-117.20776668,39.468222250000004,39.80321114,5,-117.39032779,39.635716695
21,25,-117.20776668,-116.84264446,39.468222250000004,39.80321114,0,-117.02520557,39.635716695
22,25,-116.84264446,-116.47752224,39.468222250000004,39.80321114,2,-116.66008335000001,39.635716695
23,25,-116.47752224,-116.11240002,39.468222250000004,39.80321114,0,-116.29496112999999,39.635716695
24,25,-116.11240002,-115.7472778,39.468222250000004,39.80321114,1,-115.92983891,39.635716695
25,25,-115.7472778,-115.38215558,39.468222250000004,39.80321114,0,-115.56471669000001,39.635716695
26,25,-115.38215558,-115.01703336,39.468222250000004,39.80321114,0,-115.19959447,39.635716695
27,25,-115.01703336,-114.65191114000001,39.468222250000004,39.80321114,0,-114.83447225,39.635716695
28,25,-114.65191114000001,-114.28678892,39.468222250000004,39.80321114,0,-114.46935003000002,39.635716695
29,25,-114.28678892,-113.9216667,39.468222250000004,39.80321114,0,-114.10422781,39.635716695
0,26,-124.8753333,-124.51021107999999,39.80321114,40.13820003,0,-124.69277219,39.970705585000005
1,26,-124.51021107999999,-124.14508886,39.80321114,40.13820003,0,-124.32764997,39.970705585000005
2,26,-124.14508886,-123.77996664,39.80321114,40.13820003,0,-123.96252774999999,39.970705585000005
3,26,-123.77996664,-123.41484442,39.80321114,40.13820003,0,-123.59740553,39.970705585000005
4,26,-123.41484442,-123.04972219999999,39.80321114,40.13820003,0,-123.23228330999999,39.970705585000005
5,26,-123.04972219999999,-122.68459998,39.80321114,40.13820003,1,-122.86716109,39.970705585000005
6,26,-122.68459998,-122.31947776,39.80321114,40.13820003,0,-122.50203887,39.970705585000005
7,26,-122.31947776,-121.95435554,39.80321114,40.13820003,0,-122.13691664999999,39.970705585000005
8,26,-121.95435554,-121.58923331999999,39.80321114,40.13820003,0,-121.77179443,39.970705585000005
9,26,-121.58923331999999,-121.2241111,39.80321114,40.13820003,0,-121.40667221,39.970705585000005
10,26,-121.2241111,-120.85898888,39.80321114,40.13820003,0,-121.04154999,39.970705585000005
11,26,-120.85898888,-120.49386666,39.80321114,40.13820003,0,-120.67642777,39.970705585000005
12,26,-120.49386666,-120.12874443999999,39.80321114,40.13820003,1,-120.31130554999999,39.970705585000005
13,26,-120.12874443999999,-119.76362222,39.80321114,40.13820003,0,-119.94618333,39.970705585000005
14,26,-119.76362222,-119.3985,39.80321114,40.13820003,1,-119.58106111000001,39.970705585000005
15,26,-119.3985,-119.03337778,39.80321114,40.13820003,1,-119.21593888999999,39.970705585000005
16,26,-119.03337778,-118.66825556,39.80321114,40.13820003,0,-118.85081667,39.970705585000005
17,26,-118.66825556,-118.30313334,39.80321114,40.13820003,0,-118.48569445000001,39.970705585000005
18,26,-118.30313334,-117.93801112,39.80321114,40.13820003,0,-118.12057223,39.970705585000005
19,26,-117.93801112,-117.5728889,39.80321114,40.13820003,2,-117.75545001,39.970705585000005
20,26,-117.5728889,-117.20776668,39.80321114,40.13820003,0,-117.39032779,39.970705585000005
21,26,-117.20776668,-116.84264446,39.80321114,40.13820003,0,-117.02520557,39.970705585000005
22,26,-116.84264446,-116.47752224,39.80321114,40.13820003,0,-116.66008335000001,39.970705585000005
23,26,-116.47752224,-116.11240002,39.80321114,40.13820003,0,-116.29496112999999,39.970705585000005
24,26,-116.11240002,-115.7472778,39.80321114,40.13820003,0,-115.92983891,39.970705585000005
25,26,-115.7472778,-115.38215558,39.80321114,40.13820003,0,-115.56471669000001,39.970705585000005
26,26,-115.38215558,-115.01703336,39.80321114,40.13820003,0,-115.19959447,39.970705585000005
27,26,-115.01703336,-114.65191114000001,39.80321114,40.13820003,0,-114.83447225,39.970705585000005
28,26,-114.65191114000001,-114.28678892,39.80321114,40.13820003,0,-114.46935003000002,39.970705585000005
29,26,-114.28678892,-113.9216667,39.80321114,40.13820003,0,-114.10422781,39.970705585000005
0,27,-124.8753333,-124.51021107999999,40.13820003,40.47318892,28,-124.69277219,40.305694474999996
1,27,-124.51021107999999,-124.14508886,40.13820003,40.47318892,31,-124.32764997,40.305694474999996
2,27,-124.14508886,-123.77996664,40.13820003,40.47318892,1,-123.96252774999999,40.305694474999996
3,27,-123.77996664,-123.41484442,40.13820003,40.47318892,2,-123.59740553,40.305694474999996
4,27,-123.41484442,-123.04972219999999,40.13820003,40.47318892,2,-123.23228330999999,40.305694474999996
5,27,-123.04972219999999,-122.68459998,40.13820003,40.47318892,0,-122.86716109,40.305694474999996
6,27,-122.68459998,-122.31947776,40.13820003,40.47318892,0,-122.50203887,40.305694474999996
7,27,-122.31947776,-121.95435554,40.13820003,40.47318892,0,-122.13691664999999,40.305694474999996
8,27,-121.95435554,-121.58923331999999,40.13820003,40.47318892,0,-121.77179443,40.305694474999996
9,27,-121.58923331999999,-121.2241111,40.13820003,40.47318892,3,-121.40667221,40.305694474999996
10,27,-121.2241111,-120.85898888,40.13820003,40.47318892,15,-121.04154999,40.305694474999996
11,27,-120.85898888,-120.49386666,40.13820003,40.47318892,0,-120.67642777,40.305694474999996
12,27,-120.49386666,-120.12874443999999,40.13820003,40.47318892,3,-120.31130554999999,40.305694474999996
13,27,-120.12874443999999,-119.76362222,40.13820003,40.47318892,1,-119.94618333,40.305694474999996
14,27,-119.76362222,-119.3985,40.13820003,40.47318892,1,-119.58106111000001,40.305694474999996
15,27,-119.3985,-119.03337778,40.13820003,40.47318892,0,-119.21593888999999,40.305694474999996
16,27,-119.03337778,-118.66825556,40.13820003,40.47318892,0,-118.85081667,40.305694474999996
17,27,-118.66825556,-118.30313334,40.13820003,40.47318892,0,-118.48569445000001,40.305694474999996
18,27,-118.30313334,-117.93801112,40.13820003,40.47318892,0,-118.12057223,40.305694474999996
19,27,-117.93801112,-117.5728889,40.13820003,40.47318892,0,-117.75545001,40.305694474999996
20,27,-117.5728889,-117.20776668,40.13820003,40.47318892,0,-117.39032779,40.305694474999996
21,27,-117.20776668,-116.84264446,40.13820003,40.47318892,0,-117.02520557,40.305694474999996
22,27,-116.84264446,-116.47752224,40.13820003,40.47318892,0,-116.66008335000001,40.305694474999996
23,27,-116.47752224,-116.11240002,40.13820003,40.47318892,0,-116.29496112999999,40.305694474999996
24,27,-116.11240002,-115.7472778,40.13820003,40.47318892,0,-115.92983891,40.305694474999996
25,27,-115.7472778,-115.38215558,40.13820003,40.47318892,0,-115.56471669000001,40.305694474999996
26,27,-115.38215558,-115.01703336,40.13820003,40.47318892,0,-115.19959447,40.305694474999996
27,27,-115.01703336,-114.65191114000001,40.13820003,40.47318892,0,-114.83447225,40.305694474999996
28,27,-114.65191114000001,-114.28678892,40.13820003,40.47318892,0,-114.46935003000002,40.305694474999996
29,27,-114.28678892,-113.9216667,40.13820003,40.47318892,0,-114.10422781,40.305694474999996
0,28,-124.8753333,-124.51021107999999,40.47318892,40.808177810000004,9,-124.69277219,40.640683365
1,28,-124.51021107999999,-124.14508886,40.47318892,40.808177810000004,4,-124.32764997,40.640683365
2,28,-124.14508886,-123.77996664,40.47318892,40.808177810000004,3,-123.96252774999999,40.640683365
3,28,-123.77996664,-123.41484442,40.47318892,40.808177810000004,1,-123.59740553,40.640683365
4,28,-123.41484442,-123.04972219999999,40.47318892,40.808177810000004,2,-123.23228330999999,40.640683365
5,28,-123.04972219999999,-122.68459998,40.47318892,40.808177810000004,0,-122.86716109,40.640683365
6,28,-122.68459998,-122.31947776,40.47318892,40.808177810000004,0,-122.50203887,40.640683365
7,28,-122.31947776,-121.95435554,40.47318892,40.808177810000004,0,-122.13691664999999,40.640683365
8,28,-121.95435554,-121.58923331999999,40.47318892,40.808177810000004,0,-121.77179443,40.640683365
9,28,-121.58923331999999,-121.2241111,40.47318892,40.808177810000004,0,-121.40667221,40.640683365
10,28,-121.2241111,-120.85898888,40.47318892,40.808177810000004,0,-121.04154999,40.640683365
11,28,-120.85898888,-120.49386666,40.47318892,40.808177810000004,0,-120.67642777,40.640683365
12,28,-120.49386666,-120.12874443999999,40.47318892,40.808177810000004,0,-120.31130554999999,40.640683365
13,28,-120.12874443999999,-119.76362222,40.47318892,40.808177810000004,0,-119.94618333,40.640683365
14,28,-119.76362222,-119.3985,40.47318892,40.808177810000004,2,-119.58106111000001,40.640683365
15,28,-119.3985,-119.03337778,40.47318892,40.808177810000004,1,-119.21593888999999,40.640683365
16,28,-119.03337778,-118.66825556,40.47318892,40.808177810000004,0,-118.85081667,40.640683365
17,28,-118.66825556,-118.30313334,40.47318892,40.808177810000004,0,-118.48569445000001,40.640683365
18,28,-118.30313334,-117.93801112,40.47318892,40.808177810000004,0,-118.12057223,40.640683365
19,28,-117.93801112,-117.5728889,40.47318892,40.808177810000004,0,-117.75545001,40.640683365
20,28,-117.5728889,-117.20776668,40.47318892,40.808177810000004,1,-117.39032779,40.640683365
21,28,-117.20776668,-116.84264446,40.47318892,40.808177810000004,0,-117.02520557,40.640683365
22,28,-116.84264446,-116.47752224,40.47318892,40.808177810000004,1,-116.66008335000001,40.640683365
23,28,-116.47752224,-116.11240002,40.47318892,40.808177810000004,0,-116.29496112999999,40.640683365
24,28,-116.11240002,-115.7472778,40.47318892,40.808177810000004,0,-115.92983891,40.640683365
25,28,-115.7472778,-115.38215558,40.47318892,40.808177810000004,0,-115.56471669000001,40.640683365
26,28,-115.38215558,-115.01703336,40.47318892,40.808177810000004,0,-115.19959447,40.640683365
27,28,-115.01703336,-114.65191114000001,40.47318892,40.808177810000004,0,-114.83447225,40.640683365
28,28,-114.65191114000001,-114.28678892,40.47318892,40.808177810000004,0,-114.46935003000002,40.640683365
29,28,-114.28678892,-113.9216667,40.47318892,40.808177810000004,0,-114.10422781,40.640683365
0,29,-124.8753333,-124.51021107999999,40.808177810000004,41.1431667,3,-124.69277219,40.975672255000006
1,29,-124.51021107999999,-124.14508886,40.808177810000004,41.1431667,1,-124.32764997,40.975672255000006
2,29,-124.14508886,-123.77996664,40.808177810000004,41.1431667,5,-123.96252774999999,40.975672255000006
3,29,-123.77996664,-123.41484442,40.808177810000004,41.1431667,0,-123.59740553,40.975672255000006
4,29,-123.41484442,-123.04972219999999,40.808177810000004,41.1431667,0,-123.23228330999999,40.975672255000006
5,29,-123.04972219999999,-122.68459998,40.808177810000004,41.1431667,0,-122.86716109,40.975672255000006
6,29,-122.68459998,-122.31947776,40.808177810000004,41.1431667,0,-122.50203887,40.975672255000006
7,29,-122.31947776,-121.95435554,40.808177810000004,41.1431667,1,-122.13691664999999,40.975672255000006
8,29,-121.95435554,-121.58923331999999,40.808177810000004,41.1431667,0,-121.77179443,40.975672255000006
9,29,-121.58923331999999,-121.2241111,40.808177810000004,41.1431667,0,-121.40667221,40.975672255000006
10,29,-121.2241111,-120.85898888,40.808177810000004,41.1431667,0,-121.04154999,40.975672255000006
11,29,-120.85898888,-120.49386666,40.808177810000004,41.1431667,0,-120.67642777,40.975672255000006
12,29,-120.49386666,-120.12874443999999,40.808177810000004,41.1431667,0,-120.31130554999999,40.975672255000006
13,29,-120.12874443999999,-119.76362222,40.808177810000004,41.1431667,0,-119.94618333,40.975672255000006
14,29,-119.76362222,-119.3985,40.808177810000004,41.1431667,0,-119.58106111000001,40.975672255000006
15,29,-119.3985,-119.03337778,40.808177810000004,41.1431667,0,-119.21593888999999,40.975672255000006
16,29,-119.03337778,-118.66825556,40.808177810000004,41.1431667,0,-118.85081667,40.975672255000006
17,29,-118.66825556,-118.30313334,40.808177810000004,41.1431667,0,-118.48569445000001,40.975672255000006
18,29,-118.30313334,-117.93801112,40.808177810000004,41.1431667,0,-118.12057223,40.975672255000006
19,29,-117.93801112,-117.5728889,40.808177810000004,41.1431667,0,-117.75545001,40.975672255000006
20,29,-117.5728889,-117.20776668,40.808177810000004,41.1431667,0,-117.39032779,40.975672255000006
21,29,-117.20776668,-116.84264446,40.808177810000004,41.1431667,0,-117.02520557,40.975672255000006
22,29,-116.84264446,-116.47752224,40.808177810000004,41.1431667,1,-116.66008335000001,40.975672255000006
23,29,-116.47752224,-116.11240002,40.808177810000004,41.1431667,0,-116.29496112999999,40.975672255000006
24,29,-116.11240002,-115.7472778,40.808177810000004,41.1431667,0,-115.92983891,40.975672255000006
25,29,-115.7472778,-115.38215558,40.808177810000004,41.1431667,0,-115.56471669000001,40.975672255000006
26,29,-115.38215558,-115.01703336,40.808177810000004,41.1431667,1,-115.19959447,40.975672255000006
27,29,-115.01703336,-114.65191114000001,40.808177810000004,41.1431667,0,-114.83447225,40.975672255000006
28,29,-114.65191114000001,-114.28678892,40.808177810000004,41.1431667,0,-114.46935003000002,40.975672255000006
29,29,-114.28678892,-113.9216667,40.808177810000004,41.1431667,0,-114.10422781,40.975672255000006
